Contenu,Class
"Cette annÃ©e, suivez les lumiÃ¨res du ciel ğŸ† et celles de votre cÅ“ur ğŸ’« Wallyscar vous souhaite 2025 rempli dâ€™horizons illuminÃ©s ğŸŒŸ  ğŸ‡¹ğŸ‡³ Tawa barcha rÃ©ductions fi showroom !",Medium
"Le parfait Ã©quilibre entre robustesse et raffinement âœ¨ DÃ©couvrez lâ€™intÃ©rieur de l'Annibal XXL ğŸ˜  âœ¨ C'est pas juste une voiture, c'est un lifestyle.",Medium
Annibal ad portas âŒ› Nos pick-up ğŸ›» reprennent le flambeau.  ğŸ”¥ Offre incroyable pour cette semaine !,Low
Amira dÃ©voile les 5 fonctions pratiques de la clÃ© Wallys Wolf ğŸ”‘âœ¨  #Wallyscar #Wallys_Wolf #SUV #Smart_Key  ğŸ‡¹ğŸ‡³ Tawa barcha rÃ©ductions fi showroom !,Medium
La Wolf nous emmÃ¨ne Ã  travers la nature ğŸŒ³ et nous unit Ã  chaque kilomÃ¨tre parcouru ğŸ«¶ğŸ»  ğŸš— Kharrej rouhek b Wallys hedha weekend !,Low
Designed to impress âœ¨ Built to perform Wallys Wolf : The complete SUV ğŸº  ğŸ”¥ Offre incroyable pour cette semaine !,Medium
"Nous revenons sur le passage de Sadri Skander sur la Wallys Wolf. Disponible dans nos showrooms Ã  Tunis, Sousse et Sfax, venez dÃ©couvrir le SUV leader de son segment en Tunisie.  ğŸï¸ Essayeha w chouf l'expÃ©rience unique !",Medium
La Wallys Wolf ğŸº conÃ§ue pour ceux qui ne veulent pas choisir entre confort et espace ğŸ’«  ğŸ‡¹ğŸ‡³ Tawa barcha rÃ©ductions fi showroom !,High
"Plus quâ€™un look, un vÃ©ritable titan de performance ğŸ¦¾ Wallys Wolf fonce sans limite! ğŸº  ğŸ‡¹ğŸ‡³ Tawa barcha rÃ©ductions fi showroom !",Low
"DÃ©couvrez la nouvelle Wallys Wolf ğŸº le SUV familial le plus complet de sa gamme Ã  119 900 DT.  ğŸŒ™ Ramadan m3ana, rÃ©ductions mta3 saha !",Low
"DÃ©couvrez lâ€™Annibal XXL ğŸ˜ le nouveau gÃ©ant des routes tunisiennes ğŸ‡¹ğŸ‡³ Taille impressionnante, robustesse lÃ©gendaire, travaillÃ© en joint venture avec ZX Auto ğŸ›» Ce 4x4 impose sa puissance sur tous les terrains ğŸš€  ğŸš— Kharrej rouhek b Wallys hedha weekend !",Low
Amira dÃ©voile les 5 fonctions pratiques de la clÃ© Wallys Wolf ğŸ”‘âœ¨  #Wallyscar #Wallys_Wolf #SUV #Smart_Key  ğŸ”¥ Offre incroyable pour cette semaine !,Medium
Explorez la Medina Sfax Ã  votre rythme avec Wallys Wolf : le parfait Ã©quilibre entre style et confort ! ğŸï¸ğŸ¤  #Wallyscar #Sfax  ğŸï¸ Essayeha w chouf l'expÃ©rience unique !,Low
"Annibal ad portas âŒ› Nos pick-up ğŸ›» reprennent le flambeau.  ğŸŒ™ Ramadan m3ana, rÃ©ductions mta3 saha !",Low
"Un grand merci Ã  nos Ã©quipes et Ã  M. Sadri Skander et M. HÃ©di Hamdi pour une soirÃ©e mÃ©morable ğŸŒŸ Wallyscar remporte meilleure marque sur les rÃ©seaux sociaux aux Victoires de lâ€™Automobile âœ¨  âœ¨ C'est pas juste une voiture, c'est un lifestyle.",High
DÃ©couvrez le raffinement de la Wallys Wolf dans notre showroom ğŸ  Une Ã©lÃ©gance qui attire tous les regards. ğŸŒŸ #Wallys_Wolf #Wallyscar  ğŸ™Œ T7eb tkoun spÃ©cial ? Hak l'occasion !,High
Explore More with Annibal XXL & Wolf ğŸŒ¿  ğŸï¸ Essayeha w chouf l'expÃ©rience unique !,High
Une Wolf ğŸº nous sÃ©pare !  FÃ©licitations Ã  nos confrÃ¨res de Chery Tunisie âœ¨  ğŸ‡¹ğŸ‡³ Tawa barcha rÃ©ductions fi showroom !,High
Le parfait Ã©quilibre entre robustesse et raffinement âœ¨ DÃ©couvrez lâ€™intÃ©rieur de l'Annibal XXL ğŸ˜  ğŸ”¥ Offre incroyable pour cette semaine !,Low
Simplement le numÃ©ro 1 D SUV ğŸ†  ğŸ”¥ Offre incroyable pour cette semaine !,High
Puissance et nature en parfaite harmonie ğŸŒ¿ L'Annibal XXL ğŸ˜ Ã  lâ€™Ã©tat brut Ã  Tabarka  ğŸï¸ Essayeha w chouf l'expÃ©rience unique !,High
L'Annibal XXL ğŸ˜ surmonte chaque dÃ©fi en toute libertÃ© ğŸª½  ğŸš— Kharrej rouhek b Wallys hedha weekend !,Low
"Prenez le volant de lâ€™Annibal ğŸ›» un pick-up qui allie style,  robustesse et fiabilitÃ© ğŸŒŸ Parfait pour toutes vos aventures.  Venez lâ€™admirer et rÃ©servez le vÃ´tre dÃ¨s aujourdâ€™hui !  ğŸï¸ Essayeha w chouf l'expÃ©rience unique !",Medium
Who needs Horsepower when youâ€™ve got Elephant power ğŸ˜  ğŸ”¥ Offre incroyable pour cette semaine !,High
"Une Wolf ğŸº nous sÃ©pare !  FÃ©licitations Ã  nos confrÃ¨res de Chery Tunisie âœ¨  âœ¨ C'est pas juste une voiture, c'est un lifestyle.",Low
Unis dans lâ€™aventure ğŸŒ¿ libres comme le vent ğŸº  ğŸ™Œ T7eb tkoun spÃ©cial ? Hak l'occasion !,Medium
"Quand l'Ã©lÃ©gance rencontre l'histoire ğŸ˜  Wallys Wolf, le meilleur choix ğŸ‘ŒğŸ»  âœ¨ C'est pas juste une voiture, c'est un lifestyle.",Low
"Cette annÃ©e, suivez les lumiÃ¨res du ciel ğŸ† et celles de votre cÅ“ur ğŸ’« Wallyscar vous souhaite 2025 rempli dâ€™horizons illuminÃ©s ğŸŒŸ  ğŸš— Kharrej rouhek b Wallys hedha weekend !",Medium
Simplement le numÃ©ro 1 D SUV ğŸ†  ğŸ”¥ Offre incroyable pour cette semaine !,Medium
"DÃ©couvrez lâ€™Annibal XXL ğŸ˜ le nouveau gÃ©ant des routes tunisiennes ğŸ‡¹ğŸ‡³ Taille impressionnante, robustesse lÃ©gendaire, travaillÃ© en joint venture avec ZX Auto ğŸ›» Ce 4x4 impose sa puissance sur tous les terrains ğŸš€  ğŸ‡¹ğŸ‡³ Tawa barcha rÃ©ductions fi showroom !",Medium
DÃ©couvrez le raffinement de la Wallys Wolf dans notre showroom ğŸ  Une Ã©lÃ©gance qui attire tous les regards. ğŸŒŸ #Wallys_Wolf #Wallyscar  ğŸ™Œ T7eb tkoun spÃ©cial ? Hak l'occasion !,Low
Un grand merci Ã  nos Ã©quipes et Ã  M. Sadri Skander et M. HÃ©di Hamdi pour une soirÃ©e mÃ©morable ğŸŒŸ Wallyscar remporte meilleure marque sur les rÃ©seaux sociaux aux Victoires de lâ€™Automobile âœ¨  ğŸ‡¹ğŸ‡³ Tawa barcha rÃ©ductions fi showroom !,Low
Une Wolf ğŸº nous sÃ©pare !  FÃ©licitations Ã  nos confrÃ¨res de Chery Tunisie âœ¨  ğŸ™Œ T7eb tkoun spÃ©cial ? Hak l'occasion !,Medium
"Amira dÃ©voile les 5 fonctions pratiques de la clÃ© Wallys Wolf ğŸ”‘âœ¨  #Wallyscar #Wallys_Wolf #SUV #Smart_Key  ğŸŒ™ Ramadan m3ana, rÃ©ductions mta3 saha !",High
"Le parfait Ã©quilibre entre robustesse et raffinement âœ¨ DÃ©couvrez lâ€™intÃ©rieur de l'Annibal XXL ğŸ˜  ğŸŒ™ Ramadan m3ana, rÃ©ductions mta3 saha !",High
"Prenez le volant de lâ€™Annibal ğŸ›» un pick-up qui allie style,  robustesse et fiabilitÃ© ğŸŒŸ Parfait pour toutes vos aventures.  Venez lâ€™admirer et rÃ©servez le vÃ´tre dÃ¨s aujourdâ€™hui !  ğŸŒ™ Ramadan m3ana, rÃ©ductions mta3 saha !",Low
"Avec la Wolf ğŸº prenez la route en toute confiance et puissance ğŸ’¨  âœ¨ C'est pas juste une voiture, c'est un lifestyle.",Low
Love on four wheels ğŸš— ready to make hearts race ğŸ’˜  Wishing you a Valentineâ€™s full of love ğŸŒ¹  ğŸ‡¹ğŸ‡³ Tawa barcha rÃ©ductions fi showroom !,Low
"Explorez la Medina Sfax Ã  votre rythme avec Wallys Wolf : le parfait Ã©quilibre entre style et confort ! ğŸï¸ğŸ¤  #Wallyscar #Sfax  ğŸŒ™ Ramadan m3ana, rÃ©ductions mta3 saha !",High
"Cette annÃ©e, suivez les lumiÃ¨res du ciel ğŸ† et celles de votre cÅ“ur ğŸ’« Wallyscar vous souhaite 2025 rempli dâ€™horizons illuminÃ©s ğŸŒŸ  ğŸ”¥ Offre incroyable pour cette semaine !",Medium
Puissance et nature en parfaite harmonie ğŸŒ¿ L'Annibal XXL ğŸ˜ Ã  lâ€™Ã©tat brut Ã  Tabarka  ğŸ‡¹ğŸ‡³ Tawa barcha rÃ©ductions fi showroom !,Low
"Quand la puissance rencontre la nature ğŸŒ«ï¸  l'esprit sauvage prend forme ğŸº  ğŸŒ™ Ramadan m3ana, rÃ©ductions mta3 saha !",Medium
"La Wolf nous emmÃ¨ne Ã  travers la nature ğŸŒ³ et nous unit Ã  chaque kilomÃ¨tre parcouru ğŸ«¶ğŸ»  ğŸŒ™ Ramadan m3ana, rÃ©ductions mta3 saha !",Low
"DÃ©couvrez l'intÃ©rieur raffinÃ© et haut de gamme de la Wallys Wolf. Vous serez surpris de tout ce qu'elle offre ğŸš€ Disponible dÃ¨s maintenant dans nos showroom Ã  Tunis, Sousse et Sfax. ğŸ† No. 1  D-SUV âš™ï¸ 1.5L Turbo - 9 CV ğŸ’³ 119.900 DT TTC â˜ï¸ 29 38 14 38  ğŸš— Kharrej rouhek b Wallys hedha weekend !",High
Au cÅ“ur de la Rue Charles De Gaulle Tunis ğŸ‡¹ğŸ‡³ Wolf ğŸº roule avec audace âœ¨ï¸  ğŸ™Œ T7eb tkoun spÃ©cial ? Hak l'occasion !,Medium
Ù†ÙØ±Ø­Ùˆ ÙƒÙŠ Ù†Ù‚Ø¯Ù…Ùˆ Ùˆ Ù†Ø­Ø³Ù†Ùˆ ğŸ¦¾ Ø£Ù…Ø§ Ø£ÙƒØ¨Ø± ÙØ±Ø­Ø© Ù„ÙŠÙ†Ø§ Ù‡ÙŠØ§ ÙØ±Ø­Ø© Ø­Ø±ÙØ§Ø¦Ù†Ø§ ğŸ«¶ğŸ»  ğŸ™Œ T7eb tkoun spÃ©cial ? Hak l'occasion !,Medium
"Lâ€™indÃ©trÃ´nable leader du segment D des SUV en Tunisie ğŸ† #Wallyscar #Wallys_Wolf #Number_1  ğŸŒ™ Ramadan m3ana, rÃ©ductions mta3 saha !",Medium
"Ù†ÙØ±Ø­Ùˆ ÙƒÙŠ Ù†Ù‚Ø¯Ù…Ùˆ Ùˆ Ù†Ø­Ø³Ù†Ùˆ ğŸ¦¾ Ø£Ù…Ø§ Ø£ÙƒØ¨Ø± ÙØ±Ø­Ø© Ù„ÙŠÙ†Ø§ Ù‡ÙŠØ§ ÙØ±Ø­Ø© Ø­Ø±ÙØ§Ø¦Ù†Ø§ ğŸ«¶ğŸ»  âœ¨ C'est pas juste une voiture, c'est un lifestyle.",Medium
Avec la Wolf ğŸº prenez la route en toute confiance et puissance ğŸ’¨  ğŸ™Œ T7eb tkoun spÃ©cial ? Hak l'occasion !,Low
DÃ©couvrez le raffinement de la Wallys Wolf dans notre showroom ğŸ  Une Ã©lÃ©gance qui attire tous les regards. ğŸŒŸ #Wallys_Wolf #Wallyscar  ğŸ”¥ Offre incroyable pour cette semaine !,High
"Amira vous dÃ©voile l'intÃ©rieur de la Wolf ğŸº Le meilleur SUV familial, 7 places âœ¨ï¸  ğŸ‡¹ğŸ‡³ Tawa barcha rÃ©ductions fi showroom !",Low
"La Wolf arpente la nuit ğŸŒ™ sans limite, sans compromis ğŸº  ğŸ™Œ T7eb tkoun spÃ©cial ? Hak l'occasion !",Low
L'Ã©lÃ©gance intemporelle se trouve dans chaque dÃ©tail ğŸ¤  ğŸ™Œ T7eb tkoun spÃ©cial ? Hak l'occasion !,Medium
Unis dans lâ€™aventure ğŸŒ¿ libres comme le vent ğŸº  ğŸ”¥ Offre incroyable pour cette semaine !,High
Le parfait Ã©quilibre entre robustesse et raffinement âœ¨ DÃ©couvrez lâ€™intÃ©rieur de l'Annibal XXL ğŸ˜  ğŸ‡¹ğŸ‡³ Tawa barcha rÃ©ductions fi showroom !,Medium
L'Ã©lÃ©gance intemporelle se trouve dans chaque dÃ©tail ğŸ¤  ğŸ™Œ T7eb tkoun spÃ©cial ? Hak l'occasion !,High
Quand une tunisienne monte dans sa voiture ğŸ’…ğŸ»  ğŸ”¥ Offre incroyable pour cette semaine !,Low
"Explorez la Medina Sfax Ã  votre rythme avec Wallys Wolf : le parfait Ã©quilibre entre style et confort ! ğŸï¸ğŸ¤  #Wallyscar #Sfax  ğŸŒ™ Ramadan m3ana, rÃ©ductions mta3 saha !",Medium
"DÃ©couvrez lâ€™Annibal XXL ğŸ˜ le nouveau gÃ©ant des routes tunisiennes ğŸ‡¹ğŸ‡³ Taille impressionnante, robustesse lÃ©gendaire, travaillÃ© en joint venture avec ZX Auto ğŸ›» Ce 4x4 impose sa puissance sur tous les terrains ğŸš€  âœ¨ C'est pas juste une voiture, c'est un lifestyle.",Low
Câ€™est toujours un rÃ©el plaisir dâ€™accueillir notre prÃ©sentateur national Sadri Skander. Merci pour cet excellent travail.  ğŸ‡¹ğŸ‡³ Tawa barcha rÃ©ductions fi showroom !,High
Avec la Wolf ğŸº prenez la route en toute confiance et puissance ğŸ’¨  ğŸ™Œ T7eb tkoun spÃ©cial ? Hak l'occasion !,Low
Le parfait Ã©quilibre entre robustesse et raffinement âœ¨ DÃ©couvrez lâ€™intÃ©rieur de l'Annibal XXL ğŸ˜  ğŸï¸ Essayeha w chouf l'expÃ©rience unique !,Medium
L'Ã©lÃ©gance intemporelle se trouve dans chaque dÃ©tail ğŸ¤  ğŸš— Kharrej rouhek b Wallys hedha weekend !,Medium
Parceque les meilleurs souvenirs se partagent en famille âœ¨ï¸ Wallys Wolf ğŸº votre compagnon idÃ©al pour en crÃ©er Ã  chaque instant !  ğŸï¸ Essayeha w chouf l'expÃ©rience unique !,Medium
"Amira vous dÃ©voile l'intÃ©rieur de la Wolf ğŸº Le meilleur SUV familial, 7 places âœ¨ï¸  ğŸš— Kharrej rouhek b Wallys hedha weekend !",High
Ø±Ø§ÙŠ ÙƒÙ„ÙŠÙˆÙ†Ø§ØªÙ†Ø§ ÙÙŠ ÙƒØ±Ù‡Ø¨ØªÙ†Ø§ ğŸ™ŒğŸ»  ğŸï¸ Essayeha w chouf l'expÃ©rience unique !,Medium
Ø§Ù„Ø­Ø±ÙƒØ© Ø¨Ø±ÙƒØ© ğŸŒ±  ğŸ™Œ T7eb tkoun spÃ©cial ? Hak l'occasion !,Low
Simplement le numÃ©ro 1 D SUV ğŸ†  ğŸ‡¹ğŸ‡³ Tawa barcha rÃ©ductions fi showroom !,High
"Un design qui impose âœ¨ une prÃ©sence qui captive ğŸ’«  ğŸŒ™ Ramadan m3ana, rÃ©ductions mta3 saha !",High
Simplement le numÃ©ro 1 D SUV ğŸ†  ğŸï¸ Essayeha w chouf l'expÃ©rience unique !,Low
Love on four wheels ğŸš— ready to make hearts race ğŸ’˜  Wishing you a Valentineâ€™s full of love ğŸŒ¹  ğŸ‡¹ğŸ‡³ Tawa barcha rÃ©ductions fi showroom !,High
"Quand l'Ã©lÃ©gance rencontre l'histoire ğŸ˜  Wallys Wolf, le meilleur choix ğŸ‘ŒğŸ»  ğŸš— Kharrej rouhek b Wallys hedha weekend !",Low
Annibal ad portas âŒ› Nos pick-up ğŸ›» reprennent le flambeau.  ğŸ”¥ Offre incroyable pour cette semaine !,High
"Simplement le numÃ©ro 1 D SUV ğŸ†  ğŸŒ™ Ramadan m3ana, rÃ©ductions mta3 saha !",Low
"Quand l'Ã©lÃ©gance rencontre l'histoire ğŸ˜  Wallys Wolf, le meilleur choix ğŸ‘ŒğŸ»  âœ¨ C'est pas juste une voiture, c'est un lifestyle.",Medium
"Explorez la Medina Sfax Ã  votre rythme avec Wallys Wolf : le parfait Ã©quilibre entre style et confort ! ğŸï¸ğŸ¤  #Wallyscar #Sfax  ğŸŒ™ Ramadan m3ana, rÃ©ductions mta3 saha !",Low
L'Ã©lÃ©gance intemporelle se trouve dans chaque dÃ©tail ğŸ¤  ğŸ”¥ Offre incroyable pour cette semaine !,Low
La Wallys Wolf ğŸ¤ votre rÃ©ponse Ã  la paix dans l'orage â›ˆï¸  ğŸš— Kharrej rouhek b Wallys hedha weekend !,Low
"L'Ã©lÃ©gance intemporelle se trouve dans chaque dÃ©tail ğŸ¤  ğŸŒ™ Ramadan m3ana, rÃ©ductions mta3 saha !",Low
"Amira vous dÃ©voile l'intÃ©rieur de la Wolf ğŸº Le meilleur SUV familial, 7 places âœ¨ï¸  ğŸï¸ Essayeha w chouf l'expÃ©rience unique !",Low
"Cette annÃ©e, suivez les lumiÃ¨res du ciel ğŸ† et celles de votre cÅ“ur ğŸ’« Wallyscar vous souhaite 2025 rempli dâ€™horizons illuminÃ©s ğŸŒŸ  ğŸï¸ Essayeha w chouf l'expÃ©rience unique !",Medium
You've got to decide whether you're a Wolf ğŸº or a sheep.  ğŸï¸ Essayeha w chouf l'expÃ©rience unique !,Low
La Wallys Wolf ğŸ¤ votre rÃ©ponse Ã  la paix dans l'orage â›ˆï¸  ğŸ™Œ T7eb tkoun spÃ©cial ? Hak l'occasion !,Low
"ÙƒÙ„ Ø¹Ø§Ù… ÙˆØ§Ù„Ù†Ø³Ø§Ø¡ Ø§Ù„ÙƒÙ„ Ø¨Ø£Ù„Ù Ø¨Ø®ÙŠØ± â¤ï¸  ğŸŒ™ Ramadan m3ana, rÃ©ductions mta3 saha !",Low
"La joie dâ€™Ãªtre ensemble ğŸ«¶ğŸ» en route pour de belles escapades avec Wallys Wolf ğŸº  âœ¨ C'est pas juste une voiture, c'est un lifestyle.",Medium
"DÃ©couvrez le raffinement de la Wallys Wolf dans notre showroom ğŸ  Une Ã©lÃ©gance qui attire tous les regards. ğŸŒŸ #Wallys_Wolf #Wallyscar  âœ¨ C'est pas juste une voiture, c'est un lifestyle.",Medium
Unis dans lâ€™aventure ğŸŒ¿ libres comme le vent ğŸº  ğŸï¸ Essayeha w chouf l'expÃ©rience unique !,High
Avec la Wolf ğŸº prenez la route en toute confiance et puissance ğŸ’¨  ğŸ‡¹ğŸ‡³ Tawa barcha rÃ©ductions fi showroom !,Low
Une Wolf ğŸº nous sÃ©pare !  FÃ©licitations Ã  nos confrÃ¨res de Chery Tunisie âœ¨  ğŸ™Œ T7eb tkoun spÃ©cial ? Hak l'occasion !,Medium
"Nous revenons sur le passage de Sadri Skander sur la Wallys Wolf. Disponible dans nos showrooms Ã  Tunis, Sousse et Sfax, venez dÃ©couvrir le SUV leader de son segment en Tunisie.  ğŸ™Œ T7eb tkoun spÃ©cial ? Hak l'occasion !",High
Câ€™est toujours un rÃ©el plaisir dâ€™accueillir notre prÃ©sentateur national Sadri Skander. Merci pour cet excellent travail.  ğŸï¸ Essayeha w chouf l'expÃ©rience unique !,Medium
"DÃ©couvrez lâ€™Annibal XXL ğŸ˜ le nouveau gÃ©ant des routes tunisiennes ğŸ‡¹ğŸ‡³ Taille impressionnante, robustesse lÃ©gendaire, travaillÃ© en joint venture avec ZX Auto ğŸ›» Ce 4x4 impose sa puissance sur tous les terrains ğŸš€  ğŸ‡¹ğŸ‡³ Tawa barcha rÃ©ductions fi showroom !",Low
"Prenez le volant de lâ€™Annibal ğŸ›» un pick-up qui allie style,  robustesse et fiabilitÃ© ğŸŒŸ Parfait pour toutes vos aventures.  Venez lâ€™admirer et rÃ©servez le vÃ´tre dÃ¨s aujourdâ€™hui !  ğŸ‡¹ğŸ‡³ Tawa barcha rÃ©ductions fi showroom !",Low
DÃ©couvrez la Wallys Wolf avec Amira ğŸ¬ Une sÃ©rie de vidÃ©os Ã  ne pas manquer !  ğŸ™Œ T7eb tkoun spÃ©cial ? Hak l'occasion !,Low
Ø±Ø§ÙŠ ÙƒÙ„ÙŠÙˆÙ†Ø§ØªÙ†Ø§ ÙÙŠ ÙƒØ±Ù‡Ø¨ØªÙ†Ø§ ğŸ™ŒğŸ»  ğŸ™Œ T7eb tkoun spÃ©cial ? Hak l'occasion !,Medium
Ø±Ù…Ø¶Ø§Ù†ÙƒÙ… Ù…Ø¨Ø±ÙˆÙƒ ğŸŒ™ ÙˆØ§Ù„Ù†Ø§Ø³ Ø±Ø§ÙŠ ÙÙŠ Ø®Ø¯Ù…ØªÙ‡Ø§ Ù„Ø§Ù‡ÙŠØ© ğŸ‡¹ğŸ‡³  ğŸ™Œ T7eb tkoun spÃ©cial ? Hak l'occasion !,High
Amira dÃ©voile les 5 fonctions pratiques de la clÃ© Wallys Wolf ğŸ”‘âœ¨  #Wallyscar #Wallys_Wolf #SUV #Smart_Key  ğŸï¸ Essayeha w chouf l'expÃ©rience unique !,Medium
Annibal ad portas âŒ› Nos pick-up ğŸ›» reprennent le flambeau.  ğŸ‡¹ğŸ‡³ Tawa barcha rÃ©ductions fi showroom !,Low
Unis dans lâ€™aventure ğŸŒ¿ libres comme le vent ğŸº  ğŸï¸ Essayeha w chouf l'expÃ©rience unique !,Low
"Plus quâ€™un look, un vÃ©ritable titan de performance ğŸ¦¾ Wallys Wolf fonce sans limite! ğŸº  ğŸï¸ Essayeha w chouf l'expÃ©rience unique !",Low
Designed to impress âœ¨ Built to perform Wallys Wolf : The complete SUV ğŸº  ğŸ™Œ T7eb tkoun spÃ©cial ? Hak l'occasion !,Low
Ø±Ø§ÙŠ ÙƒÙ„ÙŠÙˆÙ†Ø§ØªÙ†Ø§ ÙÙŠ ÙƒØ±Ù‡Ø¨ØªÙ†Ø§ ğŸ™ŒğŸ»  ğŸ‡¹ğŸ‡³ Tawa barcha rÃ©ductions fi showroom !,Medium
"Un design qui impose âœ¨ une prÃ©sence qui captive ğŸ’«  âœ¨ C'est pas juste une voiture, c'est un lifestyle.",High
"Prenez le volant de lâ€™Annibal ğŸ›» un pick-up qui allie style,  robustesse et fiabilitÃ© ğŸŒŸ Parfait pour toutes vos aventures.  Venez lâ€™admirer et rÃ©servez le vÃ´tre dÃ¨s aujourdâ€™hui !  ğŸ”¥ Offre incroyable pour cette semaine !",Low
Unis dans lâ€™aventure ğŸŒ¿ libres comme le vent ğŸº  ğŸ”¥ Offre incroyable pour cette semaine !,Low
"DÃ©couvrez l'intÃ©rieur raffinÃ© et haut de gamme de la Wallys Wolf. Vous serez surpris de tout ce qu'elle offre ğŸš€ Disponible dÃ¨s maintenant dans nos showroom Ã  Tunis, Sousse et Sfax. ğŸ† No. 1  D-SUV âš™ï¸ 1.5L Turbo - 9 CV ğŸ’³ 119.900 DT TTC â˜ï¸ 29 38 14 38  ğŸš— Kharrej rouhek b Wallys hedha weekend !",High
"Unis dans lâ€™aventure ğŸŒ¿ libres comme le vent ğŸº  ğŸŒ™ Ramadan m3ana, rÃ©ductions mta3 saha !",Medium
DÃ©couvrez la nouvelle Wallys Wolf ğŸº le SUV familial le plus complet de sa gamme Ã  119 900 DT.  ğŸï¸ Essayeha w chouf l'expÃ©rience unique !,Low
Un design qui impose âœ¨ une prÃ©sence qui captive ğŸ’«  ğŸ‡¹ğŸ‡³ Tawa barcha rÃ©ductions fi showroom !,Low
Un grand merci Ã  nos Ã©quipes et Ã  M. Sadri Skander et M. HÃ©di Hamdi pour une soirÃ©e mÃ©morable ğŸŒŸ Wallyscar remporte meilleure marque sur les rÃ©seaux sociaux aux Victoires de lâ€™Automobile âœ¨  ğŸš— Kharrej rouhek b Wallys hedha weekend !,Low
Ø±Ù…Ø¶Ø§Ù†ÙƒÙ… Ù…Ø¨Ø±ÙˆÙƒ ğŸŒ™ ÙˆØ§Ù„Ù†Ø§Ø³ Ø±Ø§ÙŠ ÙÙŠ Ø®Ø¯Ù…ØªÙ‡Ø§ Ù„Ø§Ù‡ÙŠØ© ğŸ‡¹ğŸ‡³  ğŸï¸ Essayeha w chouf l'expÃ©rience unique !,Medium
Explore More with Annibal XXL & Wolf ğŸŒ¿  ğŸ™Œ T7eb tkoun spÃ©cial ? Hak l'occasion !,Low
Puissance et nature en parfaite harmonie ğŸŒ¿ L'Annibal XXL ğŸ˜ Ã  lâ€™Ã©tat brut Ã  Tabarka  ğŸ‡¹ğŸ‡³ Tawa barcha rÃ©ductions fi showroom !,High
Câ€™est toujours un rÃ©el plaisir dâ€™accueillir notre prÃ©sentateur national Sadri Skander. Merci pour cet excellent travail.  ğŸï¸ Essayeha w chouf l'expÃ©rience unique !,Low
"La Wolf arpente la nuit ğŸŒ™ sans limite, sans compromis ğŸº  ğŸ‡¹ğŸ‡³ Tawa barcha rÃ©ductions fi showroom !",Low
"La joie dâ€™Ãªtre ensemble ğŸ«¶ğŸ» en route pour de belles escapades avec Wallys Wolf ğŸº  ğŸŒ™ Ramadan m3ana, rÃ©ductions mta3 saha !",Low
"Ø±Ù…Ø¶Ø§Ù†ÙƒÙ… Ù…Ø¨Ø±ÙˆÙƒ ğŸŒ™ ÙˆØ§Ù„Ù†Ø§Ø³ Ø±Ø§ÙŠ ÙÙŠ Ø®Ø¯Ù…ØªÙ‡Ø§ Ù„Ø§Ù‡ÙŠØ© ğŸ‡¹ğŸ‡³  âœ¨ C'est pas juste une voiture, c'est un lifestyle.",Low
"Le parfait Ã©quilibre entre robustesse et raffinement âœ¨ DÃ©couvrez lâ€™intÃ©rieur de l'Annibal XXL ğŸ˜  âœ¨ C'est pas juste une voiture, c'est un lifestyle.",Low
"Nous revenons sur le passage de Sadri Skander sur la Wallys Wolf. Disponible dans nos showrooms Ã  Tunis, Sousse et Sfax, venez dÃ©couvrir le SUV leader de son segment en Tunisie.  ğŸï¸ Essayeha w chouf l'expÃ©rience unique !",Medium
"Nous revenons sur le passage de Sadri Skander sur la Wallys Wolf. Disponible dans nos showrooms Ã  Tunis, Sousse et Sfax, venez dÃ©couvrir le SUV leader de son segment en Tunisie.  ğŸ‡¹ğŸ‡³ Tawa barcha rÃ©ductions fi showroom !",High
Explorez la Medina Sfax Ã  votre rythme avec Wallys Wolf : le parfait Ã©quilibre entre style et confort ! ğŸï¸ğŸ¤  #Wallyscar #Sfax  ğŸ™Œ T7eb tkoun spÃ©cial ? Hak l'occasion !,Medium
"You've got to decide whether you're a Wolf ğŸº or a sheep.  âœ¨ C'est pas juste une voiture, c'est un lifestyle.",Low
"Cette annÃ©e, suivez les lumiÃ¨res du ciel ğŸ† et celles de votre cÅ“ur ğŸ’« Wallyscar vous souhaite 2025 rempli dâ€™horizons illuminÃ©s ğŸŒŸ  ğŸ‡¹ğŸ‡³ Tawa barcha rÃ©ductions fi showroom !",Medium
Avec la Wolf ğŸº prenez la route en toute confiance et puissance ğŸ’¨  ğŸš— Kharrej rouhek b Wallys hedha weekend !,Low
Ø±Ù…Ø¶Ø§Ù†ÙƒÙ… Ù…Ø¨Ø±ÙˆÙƒ ğŸŒ™ ÙˆØ§Ù„Ù†Ø§Ø³ Ø±Ø§ÙŠ ÙÙŠ Ø®Ø¯Ù…ØªÙ‡Ø§ Ù„Ø§Ù‡ÙŠØ© ğŸ‡¹ğŸ‡³  ğŸ”¥ Offre incroyable pour cette semaine !,Low
Quand une tunisienne monte dans sa voiture ğŸ’…ğŸ»  ğŸ”¥ Offre incroyable pour cette semaine !,High
Designed to impress âœ¨ Built to perform Wallys Wolf : The complete SUV ğŸº  ğŸ”¥ Offre incroyable pour cette semaine !,Low
Who needs Horsepower when youâ€™ve got Elephant power ğŸ˜  ğŸ”¥ Offre incroyable pour cette semaine !,Medium
DÃ©couvrez la Wallys Wolf avec Amira ğŸ¬ Une sÃ©rie de vidÃ©os Ã  ne pas manquer !  ğŸ™Œ T7eb tkoun spÃ©cial ? Hak l'occasion !,Low
Ù†ÙØ±Ø­Ùˆ ÙƒÙŠ Ù†Ù‚Ø¯Ù…Ùˆ Ùˆ Ù†Ø­Ø³Ù†Ùˆ ğŸ¦¾ Ø£Ù…Ø§ Ø£ÙƒØ¨Ø± ÙØ±Ø­Ø© Ù„ÙŠÙ†Ø§ Ù‡ÙŠØ§ ÙØ±Ø­Ø© Ø­Ø±ÙØ§Ø¦Ù†Ø§ ğŸ«¶ğŸ»  ğŸ™Œ T7eb tkoun spÃ©cial ? Hak l'occasion !,Low
La Wallys Wolf ğŸ¤ votre rÃ©ponse Ã  la paix dans l'orage â›ˆï¸  ğŸ”¥ Offre incroyable pour cette semaine !,Medium
Designed to impress âœ¨ Built to perform Wallys Wolf : The complete SUV ğŸº  ğŸ”¥ Offre incroyable pour cette semaine !,Medium
Life is all about sharing ğŸ«¶ğŸ»  ğŸ™Œ T7eb tkoun spÃ©cial ? Hak l'occasion !,Low
"La Wallys Wolf ğŸ¤ votre rÃ©ponse Ã  la paix dans l'orage â›ˆï¸  ğŸŒ™ Ramadan m3ana, rÃ©ductions mta3 saha !",Medium
Lâ€™indÃ©trÃ´nable leader du segment D des SUV en Tunisie ğŸ† #Wallyscar #Wallys_Wolf #Number_1  ğŸ‡¹ğŸ‡³ Tawa barcha rÃ©ductions fi showroom !,Medium
You've got to decide whether you're a Wolf ğŸº or a sheep.  ğŸ™Œ T7eb tkoun spÃ©cial ? Hak l'occasion !,Low
"Amira dÃ©voile les 5 fonctions pratiques de la clÃ© Wallys Wolf ğŸ”‘âœ¨  #Wallyscar #Wallys_Wolf #SUV #Smart_Key  âœ¨ C'est pas juste une voiture, c'est un lifestyle.",Low
"Prenez le volant de lâ€™Annibal ğŸ›» un pick-up qui allie style,  robustesse et fiabilitÃ© ğŸŒŸ Parfait pour toutes vos aventures.  Venez lâ€™admirer et rÃ©servez le vÃ´tre dÃ¨s aujourdâ€™hui !  ğŸš— Kharrej rouhek b Wallys hedha weekend !",Low
Câ€™est toujours un rÃ©el plaisir dâ€™accueillir notre prÃ©sentateur national Sadri Skander. Merci pour cet excellent travail.  ğŸ™Œ T7eb tkoun spÃ©cial ? Hak l'occasion !,Low
"Who needs Horsepower when youâ€™ve got Elephant power ğŸ˜  ğŸŒ™ Ramadan m3ana, rÃ©ductions mta3 saha !",Low
ÙƒÙ„ Ø¹Ø§Ù… ÙˆØ§Ù„Ù†Ø³Ø§Ø¡ Ø§Ù„ÙƒÙ„ Ø¨Ø£Ù„Ù Ø¨Ø®ÙŠØ± â¤ï¸  ğŸ‡¹ğŸ‡³ Tawa barcha rÃ©ductions fi showroom !,Medium
"DÃ©couvrez l'intÃ©rieur raffinÃ© et haut de gamme de la Wallys Wolf. Vous serez surpris de tout ce qu'elle offre ğŸš€ Disponible dÃ¨s maintenant dans nos showroom Ã  Tunis, Sousse et Sfax. ğŸ† No. 1  D-SUV âš™ï¸ 1.5L Turbo - 9 CV ğŸ’³ 119.900 DT TTC â˜ï¸ 29 38 14 38  ğŸ”¥ Offre incroyable pour cette semaine !",High
Ø§Ù„Ø­Ø±ÙƒØ© Ø¨Ø±ÙƒØ© ğŸŒ±  ğŸ™Œ T7eb tkoun spÃ©cial ? Hak l'occasion !,Low
"L'Ã©lÃ©gance intemporelle se trouve dans chaque dÃ©tail ğŸ¤  âœ¨ C'est pas juste une voiture, c'est un lifestyle.",High
Parceque les meilleurs souvenirs se partagent en famille âœ¨ï¸ Wallys Wolf ğŸº votre compagnon idÃ©al pour en crÃ©er Ã  chaque instant !  ğŸ”¥ Offre incroyable pour cette semaine !,Low
"Prenez le volant de lâ€™Annibal ğŸ›» un pick-up qui allie style,  robustesse et fiabilitÃ© ğŸŒŸ Parfait pour toutes vos aventures.  Venez lâ€™admirer et rÃ©servez le vÃ´tre dÃ¨s aujourdâ€™hui !  ğŸ‡¹ğŸ‡³ Tawa barcha rÃ©ductions fi showroom !",High
Un design qui impose âœ¨ une prÃ©sence qui captive ğŸ’«  ğŸ”¥ Offre incroyable pour cette semaine !,Low
"Amira vous dÃ©voile l'intÃ©rieur de la Wolf ğŸº Le meilleur SUV familial, 7 places âœ¨ï¸  ğŸš— Kharrej rouhek b Wallys hedha weekend !",Low
"Prenez le volant de lâ€™Annibal ğŸ›» un pick-up qui allie style,  robustesse et fiabilitÃ© ğŸŒŸ Parfait pour toutes vos aventures.  Venez lâ€™admirer et rÃ©servez le vÃ´tre dÃ¨s aujourdâ€™hui !  ğŸ‡¹ğŸ‡³ Tawa barcha rÃ©ductions fi showroom !",Medium
Lâ€™Ã¢me sauvage du Wolf se fond dans la beautÃ© dâ€™El Kef ğŸŒ„ğŸº  #Wallyscar #Wallys_Wolf  ğŸš— Kharrej rouhek b Wallys hedha weekend !,High
"DÃ©couvrez l'intÃ©rieur raffinÃ© et haut de gamme de la Wallys Wolf. Vous serez surpris de tout ce qu'elle offre ğŸš€ Disponible dÃ¨s maintenant dans nos showroom Ã  Tunis, Sousse et Sfax. ğŸ† No. 1  D-SUV âš™ï¸ 1.5L Turbo - 9 CV ğŸ’³ 119.900 DT TTC â˜ï¸ 29 38 14 38  ğŸ™Œ T7eb tkoun spÃ©cial ? Hak l'occasion !",Low
La joie dâ€™Ãªtre ensemble ğŸ«¶ğŸ» en route pour de belles escapades avec Wallys Wolf ğŸº  ğŸš— Kharrej rouhek b Wallys hedha weekend !,Low
"Plus quâ€™un look, un vÃ©ritable titan de performance ğŸ¦¾ Wallys Wolf fonce sans limite! ğŸº  ğŸ‡¹ğŸ‡³ Tawa barcha rÃ©ductions fi showroom !",Medium
"DÃ©couvrez lâ€™Annibal XXL ğŸ˜ le nouveau gÃ©ant des routes tunisiennes ğŸ‡¹ğŸ‡³ Taille impressionnante, robustesse lÃ©gendaire, travaillÃ© en joint venture avec ZX Auto ğŸ›» Ce 4x4 impose sa puissance sur tous les terrains ğŸš€  ğŸ™Œ T7eb tkoun spÃ©cial ? Hak l'occasion !",Medium
DÃ©couvrez la Wallys Wolf avec Amira ğŸ¬ Une sÃ©rie de vidÃ©os Ã  ne pas manquer !  ğŸ™Œ T7eb tkoun spÃ©cial ? Hak l'occasion !,High
Lâ€™indÃ©trÃ´nable leader du segment D des SUV en Tunisie ğŸ† #Wallyscar #Wallys_Wolf #Number_1  ğŸ”¥ Offre incroyable pour cette semaine !,Low
You've got to decide whether you're a Wolf ğŸº or a sheep.  ğŸ™Œ T7eb tkoun spÃ©cial ? Hak l'occasion !,Low
Ù†ÙØ±Ø­Ùˆ ÙƒÙŠ Ù†Ù‚Ø¯Ù…Ùˆ Ùˆ Ù†Ø­Ø³Ù†Ùˆ ğŸ¦¾ Ø£Ù…Ø§ Ø£ÙƒØ¨Ø± ÙØ±Ø­Ø© Ù„ÙŠÙ†Ø§ Ù‡ÙŠØ§ ÙØ±Ø­Ø© Ø­Ø±ÙØ§Ø¦Ù†Ø§ ğŸ«¶ğŸ»  ğŸ‡¹ğŸ‡³ Tawa barcha rÃ©ductions fi showroom !,Low
La Wallys Wolf ğŸº conÃ§ue pour ceux qui ne veulent pas choisir entre confort et espace ğŸ’«  ğŸï¸ Essayeha w chouf l'expÃ©rience unique !,High
"La WOLF, une fusion de lâ€™Ã©lÃ©gance ğŸ  ğŸ‡¹ğŸ‡³ Tawa barcha rÃ©ductions fi showroom !",Low
Ø§Ù„Ø­Ø±ÙƒØ© Ø¨Ø±ÙƒØ© ğŸŒ±  ğŸ™Œ T7eb tkoun spÃ©cial ? Hak l'occasion !,Medium
Lâ€™Ã¢me sauvage du Wolf se fond dans la beautÃ© dâ€™El Kef ğŸŒ„ğŸº  #Wallyscar #Wallys_Wolf  ğŸ”¥ Offre incroyable pour cette semaine !,Medium
"DÃ©couvrez lâ€™Annibal XXL ğŸ˜ le nouveau gÃ©ant des routes tunisiennes ğŸ‡¹ğŸ‡³ Taille impressionnante, robustesse lÃ©gendaire, travaillÃ© en joint venture avec ZX Auto ğŸ›» Ce 4x4 impose sa puissance sur tous les terrains ğŸš€  ğŸŒ™ Ramadan m3ana, rÃ©ductions mta3 saha !",Low
"Unis dans lâ€™aventure ğŸŒ¿ libres comme le vent ğŸº  âœ¨ C'est pas juste une voiture, c'est un lifestyle.",Medium
"Cette annÃ©e, suivez les lumiÃ¨res du ciel ğŸ† et celles de votre cÅ“ur ğŸ’« Wallyscar vous souhaite 2025 rempli dâ€™horizons illuminÃ©s ğŸŒŸ  ğŸ™Œ T7eb tkoun spÃ©cial ? Hak l'occasion !",High
"Nous revenons sur le passage de Sadri Skander sur la Wallys Wolf. Disponible dans nos showrooms Ã  Tunis, Sousse et Sfax, venez dÃ©couvrir le SUV leader de son segment en Tunisie.  âœ¨ C'est pas juste une voiture, c'est un lifestyle.",Low
DÃ©couvrez la nouvelle Wallys Wolf ğŸº le SUV familial le plus complet de sa gamme Ã  119 900 DT.  ğŸï¸ Essayeha w chouf l'expÃ©rience unique !,High
"Another day, another happy client âœŒğŸ»  ğŸ‡¹ğŸ‡³ Tawa barcha rÃ©ductions fi showroom !",Low
"Cette annÃ©e, suivez les lumiÃ¨res du ciel ğŸ† et celles de votre cÅ“ur ğŸ’« Wallyscar vous souhaite 2025 rempli dâ€™horizons illuminÃ©s ğŸŒŸ  ğŸ™Œ T7eb tkoun spÃ©cial ? Hak l'occasion !",Low
"Cette annÃ©e, suivez les lumiÃ¨res du ciel ğŸ† et celles de votre cÅ“ur ğŸ’« Wallyscar vous souhaite 2025 rempli dâ€™horizons illuminÃ©s ğŸŒŸ  âœ¨ C'est pas juste une voiture, c'est un lifestyle.",Low
"Un loup ğŸº dans la citÃ© des lÃ©gendes  âœ¨ C'est pas juste une voiture, c'est un lifestyle.",High
"Plus quâ€™un look, un vÃ©ritable titan de performance ğŸ¦¾ Wallys Wolf fonce sans limite! ğŸº  ğŸŒ™ Ramadan m3ana, rÃ©ductions mta3 saha !",Low
"L'Ã©lÃ©gance intemporelle se trouve dans chaque dÃ©tail ğŸ¤  ğŸŒ™ Ramadan m3ana, rÃ©ductions mta3 saha !",Medium
Lâ€™Ã¢me sauvage du Wolf se fond dans la beautÃ© dâ€™El Kef ğŸŒ„ğŸº  #Wallyscar #Wallys_Wolf  ğŸ”¥ Offre incroyable pour cette semaine !,Low
Un grand merci Ã  nos Ã©quipes et Ã  M. Sadri Skander et M. HÃ©di Hamdi pour une soirÃ©e mÃ©morable ğŸŒŸ Wallyscar remporte meilleure marque sur les rÃ©seaux sociaux aux Victoires de lâ€™Automobile âœ¨  ğŸ™Œ T7eb tkoun spÃ©cial ? Hak l'occasion !,Medium
Lâ€™indÃ©trÃ´nable leader du segment D des SUV en Tunisie ğŸ† #Wallyscar #Wallys_Wolf #Number_1  ğŸï¸ Essayeha w chouf l'expÃ©rience unique !,Low
Lâ€™indÃ©trÃ´nable leader du segment D des SUV en Tunisie ğŸ† #Wallyscar #Wallys_Wolf #Number_1  ğŸ™Œ T7eb tkoun spÃ©cial ? Hak l'occasion !,Low
You've got to decide whether you're a Wolf ğŸº or a sheep.  ğŸ™Œ T7eb tkoun spÃ©cial ? Hak l'occasion !,Low
Une Wolf ğŸº nous sÃ©pare !  FÃ©licitations Ã  nos confrÃ¨res de Chery Tunisie âœ¨  ğŸ”¥ Offre incroyable pour cette semaine !,Low
Quand une tunisienne monte dans sa voiture ğŸ’…ğŸ»  ğŸï¸ Essayeha w chouf l'expÃ©rience unique !,Medium
"Plus quâ€™un look, un vÃ©ritable titan de performance ğŸ¦¾ Wallys Wolf fonce sans limite! ğŸº  ğŸ™Œ T7eb tkoun spÃ©cial ? Hak l'occasion !",Low
"DÃ©couvrez lâ€™Annibal XXL ğŸ˜ le nouveau gÃ©ant des routes tunisiennes ğŸ‡¹ğŸ‡³ Taille impressionnante, robustesse lÃ©gendaire, travaillÃ© en joint venture avec ZX Auto ğŸ›» Ce 4x4 impose sa puissance sur tous les terrains ğŸš€  âœ¨ C'est pas juste une voiture, c'est un lifestyle.",High
Ø±Ù…Ø¶Ø§Ù†ÙƒÙ… Ù…Ø¨Ø±ÙˆÙƒ ğŸŒ™ ÙˆØ§Ù„Ù†Ø§Ø³ Ø±Ø§ÙŠ ÙÙŠ Ø®Ø¯Ù…ØªÙ‡Ø§ Ù„Ø§Ù‡ÙŠØ© ğŸ‡¹ğŸ‡³  ğŸš— Kharrej rouhek b Wallys hedha weekend !,High
"DÃ©couvrez l'intÃ©rieur raffinÃ© et haut de gamme de la Wallys Wolf. Vous serez surpris de tout ce qu'elle offre ğŸš€ Disponible dÃ¨s maintenant dans nos showroom Ã  Tunis, Sousse et Sfax. ğŸ† No. 1  D-SUV âš™ï¸ 1.5L Turbo - 9 CV ğŸ’³ 119.900 DT TTC â˜ï¸ 29 38 14 38  ğŸï¸ Essayeha w chouf l'expÃ©rience unique !",Medium
La joie dâ€™Ãªtre ensemble ğŸ«¶ğŸ» en route pour de belles escapades avec Wallys Wolf ğŸº  ğŸ”¥ Offre incroyable pour cette semaine !,Low
Au cÅ“ur de la Rue Charles De Gaulle Tunis ğŸ‡¹ğŸ‡³ Wolf ğŸº roule avec audace âœ¨ï¸  ğŸš— Kharrej rouhek b Wallys hedha weekend !,Medium
"Ø±Ù…Ø¶Ø§Ù†ÙƒÙ… Ù…Ø¨Ø±ÙˆÙƒ ğŸŒ™ ÙˆØ§Ù„Ù†Ø§Ø³ Ø±Ø§ÙŠ ÙÙŠ Ø®Ø¯Ù…ØªÙ‡Ø§ Ù„Ø§Ù‡ÙŠØ© ğŸ‡¹ğŸ‡³  âœ¨ C'est pas juste une voiture, c'est un lifestyle.",Low
Puissance et nature en parfaite harmonie ğŸŒ¿ L'Annibal XXL ğŸ˜ Ã  lâ€™Ã©tat brut Ã  Tabarka  ğŸ‡¹ğŸ‡³ Tawa barcha rÃ©ductions fi showroom !,Low
"Un loup ğŸº dans la citÃ© des lÃ©gendes  âœ¨ C'est pas juste une voiture, c'est un lifestyle.",Medium
"Ù†ÙØ±Ø­Ùˆ ÙƒÙŠ Ù†Ù‚Ø¯Ù…Ùˆ Ùˆ Ù†Ø­Ø³Ù†Ùˆ ğŸ¦¾ Ø£Ù…Ø§ Ø£ÙƒØ¨Ø± ÙØ±Ø­Ø© Ù„ÙŠÙ†Ø§ Ù‡ÙŠØ§ ÙØ±Ø­Ø© Ø­Ø±ÙØ§Ø¦Ù†Ø§ ğŸ«¶ğŸ»  âœ¨ C'est pas juste une voiture, c'est un lifestyle.",High
"L'Annibal XXL ğŸ˜ surmonte chaque dÃ©fi en toute libertÃ© ğŸª½  âœ¨ C'est pas juste une voiture, c'est un lifestyle.",Low
Ø±Ø§ÙŠ ÙƒÙ„ÙŠÙˆÙ†Ø§ØªÙ†Ø§ ÙÙŠ ÙƒØ±Ù‡Ø¨ØªÙ†Ø§ ğŸ™ŒğŸ»  ğŸ”¥ Offre incroyable pour cette semaine !,Medium
"Plus quâ€™un look, un vÃ©ritable titan de performance ğŸ¦¾ Wallys Wolf fonce sans limite! ğŸº  ğŸŒ™ Ramadan m3ana, rÃ©ductions mta3 saha !",Low
Designed to impress âœ¨ Built to perform Wallys Wolf : The complete SUV ğŸº  ğŸï¸ Essayeha w chouf l'expÃ©rience unique !,Low
"Amira vous dÃ©voile l'intÃ©rieur de la Wolf ğŸº Le meilleur SUV familial, 7 places âœ¨ï¸  ğŸ‡¹ğŸ‡³ Tawa barcha rÃ©ductions fi showroom !",Medium
"L'Ã©lÃ©gance intemporelle se trouve dans chaque dÃ©tail ğŸ¤  âœ¨ C'est pas juste une voiture, c'est un lifestyle.",Low
"Another day, another happy client âœŒğŸ»  ğŸï¸ Essayeha w chouf l'expÃ©rience unique !",Medium
"Plus quâ€™un look, un vÃ©ritable titan de performance ğŸ¦¾ Wallys Wolf fonce sans limite! ğŸº  âœ¨ C'est pas juste une voiture, c'est un lifestyle.",Medium
La joie dâ€™Ãªtre ensemble ğŸ«¶ğŸ» en route pour de belles escapades avec Wallys Wolf ğŸº  ğŸš— Kharrej rouhek b Wallys hedha weekend !,Low
"Annibal ad portas âŒ› Nos pick-up ğŸ›» reprennent le flambeau.  ğŸŒ™ Ramadan m3ana, rÃ©ductions mta3 saha !",High
L'Annibal XXL ğŸ˜ surmonte chaque dÃ©fi en toute libertÃ© ğŸª½  ğŸ‡¹ğŸ‡³ Tawa barcha rÃ©ductions fi showroom !,Low
"Nous revenons sur le passage de Sadri Skander sur la Wallys Wolf. Disponible dans nos showrooms Ã  Tunis, Sousse et Sfax, venez dÃ©couvrir le SUV leader de son segment en Tunisie.  ğŸ™Œ T7eb tkoun spÃ©cial ? Hak l'occasion !",Low
"Quand l'Ã©lÃ©gance rencontre l'histoire ğŸ˜  Wallys Wolf, le meilleur choix ğŸ‘ŒğŸ»  ğŸŒ™ Ramadan m3ana, rÃ©ductions mta3 saha !",Medium
"La Wallys Wolf ğŸº conÃ§ue pour ceux qui ne veulent pas choisir entre confort et espace ğŸ’«  âœ¨ C'est pas juste une voiture, c'est un lifestyle.",High
Ù†ÙØ±Ø­Ùˆ ÙƒÙŠ Ù†Ù‚Ø¯Ù…Ùˆ Ùˆ Ù†Ø­Ø³Ù†Ùˆ ğŸ¦¾ Ø£Ù…Ø§ Ø£ÙƒØ¨Ø± ÙØ±Ø­Ø© Ù„ÙŠÙ†Ø§ Ù‡ÙŠØ§ ÙØ±Ø­Ø© Ø­Ø±ÙØ§Ø¦Ù†Ø§ ğŸ«¶ğŸ»  ğŸ”¥ Offre incroyable pour cette semaine !,High
Who needs Horsepower when youâ€™ve got Elephant power ğŸ˜  ğŸ”¥ Offre incroyable pour cette semaine !,High
"Prenez le volant de lâ€™Annibal ğŸ›» un pick-up qui allie style,  robustesse et fiabilitÃ© ğŸŒŸ Parfait pour toutes vos aventures.  Venez lâ€™admirer et rÃ©servez le vÃ´tre dÃ¨s aujourdâ€™hui !  ğŸï¸ Essayeha w chouf l'expÃ©rience unique !",Low
"Plus quâ€™un look, un vÃ©ritable titan de performance ğŸ¦¾ Wallys Wolf fonce sans limite! ğŸº  ğŸï¸ Essayeha w chouf l'expÃ©rience unique !",Low
"Prenez le volant de lâ€™Annibal ğŸ›» un pick-up qui allie style,  robustesse et fiabilitÃ© ğŸŒŸ Parfait pour toutes vos aventures.  Venez lâ€™admirer et rÃ©servez le vÃ´tre dÃ¨s aujourdâ€™hui !  ğŸï¸ Essayeha w chouf l'expÃ©rience unique !",Low
Unis dans lâ€™aventure ğŸŒ¿ libres comme le vent ğŸº  ğŸš— Kharrej rouhek b Wallys hedha weekend !,Low
"Amira vous dÃ©voile l'intÃ©rieur de la Wolf ğŸº Le meilleur SUV familial, 7 places âœ¨ï¸  ğŸ™Œ T7eb tkoun spÃ©cial ? Hak l'occasion !",High
Who needs Horsepower when youâ€™ve got Elephant power ğŸ˜  ğŸ™Œ T7eb tkoun spÃ©cial ? Hak l'occasion !,Medium
Puissance et nature en parfaite harmonie ğŸŒ¿ L'Annibal XXL ğŸ˜ Ã  lâ€™Ã©tat brut Ã  Tabarka  ğŸ‡¹ğŸ‡³ Tawa barcha rÃ©ductions fi showroom !,Medium
"Nous revenons sur le passage de Sadri Skander sur la Wallys Wolf. Disponible dans nos showrooms Ã  Tunis, Sousse et Sfax, venez dÃ©couvrir le SUV leader de son segment en Tunisie.  ğŸ”¥ Offre incroyable pour cette semaine !",Low
Ø±Ø§ÙŠ ÙƒÙ„ÙŠÙˆÙ†Ø§ØªÙ†Ø§ ÙÙŠ ÙƒØ±Ù‡Ø¨ØªÙ†Ø§ ğŸ™ŒğŸ»  ğŸï¸ Essayeha w chouf l'expÃ©rience unique !,Low
Quand une tunisienne monte dans sa voiture ğŸ’…ğŸ»  ğŸ‡¹ğŸ‡³ Tawa barcha rÃ©ductions fi showroom !,Low
La Wallys Wolf ğŸº conÃ§ue pour ceux qui ne veulent pas choisir entre confort et espace ğŸ’«  ğŸš— Kharrej rouhek b Wallys hedha weekend !,Low
"Lâ€™Ã¢me sauvage du Wolf se fond dans la beautÃ© dâ€™El Kef ğŸŒ„ğŸº  #Wallyscar #Wallys_Wolf  âœ¨ C'est pas juste une voiture, c'est un lifestyle.",Medium
Ø§Ù„Ø­Ø±ÙƒØ© Ø¨Ø±ÙƒØ© ğŸŒ±  ğŸš— Kharrej rouhek b Wallys hedha weekend !,Low
"Quand l'Ã©lÃ©gance rencontre l'histoire ğŸ˜  Wallys Wolf, le meilleur choix ğŸ‘ŒğŸ»  ğŸï¸ Essayeha w chouf l'expÃ©rience unique !",Low
Unis dans lâ€™aventure ğŸŒ¿ libres comme le vent ğŸº  ğŸ‡¹ğŸ‡³ Tawa barcha rÃ©ductions fi showroom !,Low
"Another day, another happy client âœŒğŸ»  âœ¨ C'est pas juste une voiture, c'est un lifestyle.",Medium
"Another day, another happy client âœŒğŸ»  ğŸ‡¹ğŸ‡³ Tawa barcha rÃ©ductions fi showroom !",Low
Quand une tunisienne monte dans sa voiture ğŸ’…ğŸ»  ğŸ‡¹ğŸ‡³ Tawa barcha rÃ©ductions fi showroom !,Medium
"Plus quâ€™un look, un vÃ©ritable titan de performance ğŸ¦¾ Wallys Wolf fonce sans limite! ğŸº  ğŸš— Kharrej rouhek b Wallys hedha weekend !",High
"Lâ€™indÃ©trÃ´nable leader du segment D des SUV en Tunisie ğŸ† #Wallyscar #Wallys_Wolf #Number_1  ğŸŒ™ Ramadan m3ana, rÃ©ductions mta3 saha !",Low
Quand la puissance rencontre la nature ğŸŒ«ï¸  l'esprit sauvage prend forme ğŸº  ğŸ™Œ T7eb tkoun spÃ©cial ? Hak l'occasion !,Low
L'Ã©lÃ©gance intemporelle se trouve dans chaque dÃ©tail ğŸ¤  ğŸ”¥ Offre incroyable pour cette semaine !,High
"DÃ©couvrez la nouvelle Wallys Wolf ğŸº le SUV familial le plus complet de sa gamme Ã  119 900 DT.  âœ¨ C'est pas juste une voiture, c'est un lifestyle.",Low
Le parfait Ã©quilibre entre robustesse et raffinement âœ¨ DÃ©couvrez lâ€™intÃ©rieur de l'Annibal XXL ğŸ˜  ğŸ‡¹ğŸ‡³ Tawa barcha rÃ©ductions fi showroom !,Medium
L'Ã©lÃ©gance intemporelle se trouve dans chaque dÃ©tail ğŸ¤  ğŸ™Œ T7eb tkoun spÃ©cial ? Hak l'occasion !,Low
"Quand l'Ã©lÃ©gance rencontre l'histoire ğŸ˜  Wallys Wolf, le meilleur choix ğŸ‘ŒğŸ»  ğŸ”¥ Offre incroyable pour cette semaine !",Medium
Ø±Ø§ÙŠ ÙƒÙ„ÙŠÙˆÙ†Ø§ØªÙ†Ø§ ÙÙŠ ÙƒØ±Ù‡Ø¨ØªÙ†Ø§ ğŸ™ŒğŸ»  ğŸ”¥ Offre incroyable pour cette semaine !,Low
"Cette annÃ©e, suivez les lumiÃ¨res du ciel ğŸ† et celles de votre cÅ“ur ğŸ’« Wallyscar vous souhaite 2025 rempli dâ€™horizons illuminÃ©s ğŸŒŸ  ğŸ‡¹ğŸ‡³ Tawa barcha rÃ©ductions fi showroom !",High
Ø§Ù„Ø­Ø±ÙƒØ© Ø¨Ø±ÙƒØ© ğŸŒ±  ğŸ‡¹ğŸ‡³ Tawa barcha rÃ©ductions fi showroom !,Low
La Wallys Wolf ğŸº conÃ§ue pour ceux qui ne veulent pas choisir entre confort et espace ğŸ’«  ğŸš— Kharrej rouhek b Wallys hedha weekend !,Low
La Wallys Wolf ğŸ¤ votre rÃ©ponse Ã  la paix dans l'orage â›ˆï¸  ğŸ‡¹ğŸ‡³ Tawa barcha rÃ©ductions fi showroom !,Medium
Câ€™est toujours un rÃ©el plaisir dâ€™accueillir notre prÃ©sentateur national Sadri Skander. Merci pour cet excellent travail.  ğŸï¸ Essayeha w chouf l'expÃ©rience unique !,Low
"Another day, another happy client âœŒğŸ»  âœ¨ C'est pas juste une voiture, c'est un lifestyle.",High
Explore More with Annibal XXL & Wolf ğŸŒ¿  ğŸš— Kharrej rouhek b Wallys hedha weekend !,Low
"Lâ€™Ã¢me sauvage du Wolf se fond dans la beautÃ© dâ€™El Kef ğŸŒ„ğŸº  #Wallyscar #Wallys_Wolf  âœ¨ C'est pas juste une voiture, c'est un lifestyle.",Medium
"La joie dâ€™Ãªtre ensemble ğŸ«¶ğŸ» en route pour de belles escapades avec Wallys Wolf ğŸº  âœ¨ C'est pas juste une voiture, c'est un lifestyle.",Medium
"La Wallys Wolf ğŸº conÃ§ue pour ceux qui ne veulent pas choisir entre confort et espace ğŸ’«  ğŸŒ™ Ramadan m3ana, rÃ©ductions mta3 saha !",Low
DÃ©couvrez le raffinement de la Wallys Wolf dans notre showroom ğŸ  Une Ã©lÃ©gance qui attire tous les regards. ğŸŒŸ #Wallys_Wolf #Wallyscar  ğŸš— Kharrej rouhek b Wallys hedha weekend !,Medium
"DÃ©couvrez lâ€™Annibal XXL ğŸ˜ le nouveau gÃ©ant des routes tunisiennes ğŸ‡¹ğŸ‡³ Taille impressionnante, robustesse lÃ©gendaire, travaillÃ© en joint venture avec ZX Auto ğŸ›» Ce 4x4 impose sa puissance sur tous les terrains ğŸš€  ğŸï¸ Essayeha w chouf l'expÃ©rience unique !",High
"Un design qui impose âœ¨ une prÃ©sence qui captive ğŸ’«  âœ¨ C'est pas juste une voiture, c'est un lifestyle.",High
"Plus quâ€™un look, un vÃ©ritable titan de performance ğŸ¦¾ Wallys Wolf fonce sans limite! ğŸº  ğŸ™Œ T7eb tkoun spÃ©cial ? Hak l'occasion !",Medium
"La WOLF, une fusion de lâ€™Ã©lÃ©gance ğŸ  ğŸ”¥ Offre incroyable pour cette semaine !",Low
"Quand l'Ã©lÃ©gance rencontre l'histoire ğŸ˜  Wallys Wolf, le meilleur choix ğŸ‘ŒğŸ»  ğŸï¸ Essayeha w chouf l'expÃ©rience unique !",Medium
"Ù†ÙØ±Ø­Ùˆ ÙƒÙŠ Ù†Ù‚Ø¯Ù…Ùˆ Ùˆ Ù†Ø­Ø³Ù†Ùˆ ğŸ¦¾ Ø£Ù…Ø§ Ø£ÙƒØ¨Ø± ÙØ±Ø­Ø© Ù„ÙŠÙ†Ø§ Ù‡ÙŠØ§ ÙØ±Ø­Ø© Ø­Ø±ÙØ§Ø¦Ù†Ø§ ğŸ«¶ğŸ»  âœ¨ C'est pas juste une voiture, c'est un lifestyle.",Medium
Un design qui impose âœ¨ une prÃ©sence qui captive ğŸ’«  ğŸ”¥ Offre incroyable pour cette semaine !,Low
"Parceque les meilleurs souvenirs se partagent en famille âœ¨ï¸ Wallys Wolf ğŸº votre compagnon idÃ©al pour en crÃ©er Ã  chaque instant !  ğŸŒ™ Ramadan m3ana, rÃ©ductions mta3 saha !",High
Explore More with Annibal XXL & Wolf ğŸŒ¿  ğŸ”¥ Offre incroyable pour cette semaine !,Medium
La Wolf nous emmÃ¨ne Ã  travers la nature ğŸŒ³ et nous unit Ã  chaque kilomÃ¨tre parcouru ğŸ«¶ğŸ»  ğŸ”¥ Offre incroyable pour cette semaine !,Medium
Câ€™est toujours un rÃ©el plaisir dâ€™accueillir notre prÃ©sentateur national Sadri Skander. Merci pour cet excellent travail.  ğŸš— Kharrej rouhek b Wallys hedha weekend !,High
Quand une tunisienne monte dans sa voiture ğŸ’…ğŸ»  ğŸ”¥ Offre incroyable pour cette semaine !,Medium
Avec la Wolf ğŸº prenez la route en toute confiance et puissance ğŸ’¨  ğŸï¸ Essayeha w chouf l'expÃ©rience unique !,High
Annibal ad portas âŒ› Nos pick-up ğŸ›» reprennent le flambeau.  ğŸ‡¹ğŸ‡³ Tawa barcha rÃ©ductions fi showroom !,Medium
"La Wolf arpente la nuit ğŸŒ™ sans limite, sans compromis ğŸº  ğŸ”¥ Offre incroyable pour cette semaine !",High
"La Wolf arpente la nuit ğŸŒ™ sans limite, sans compromis ğŸº  ğŸï¸ Essayeha w chouf l'expÃ©rience unique !",Low
"Cette annÃ©e, suivez les lumiÃ¨res du ciel ğŸ† et celles de votre cÅ“ur ğŸ’« Wallyscar vous souhaite 2025 rempli dâ€™horizons illuminÃ©s ğŸŒŸ  ğŸŒ™ Ramadan m3ana, rÃ©ductions mta3 saha !",Medium
"Lâ€™Ã¢me sauvage du Wolf se fond dans la beautÃ© dâ€™El Kef ğŸŒ„ğŸº  #Wallyscar #Wallys_Wolf  âœ¨ C'est pas juste une voiture, c'est un lifestyle.",Medium
Ø±Ø§ÙŠ ÙƒÙ„ÙŠÙˆÙ†Ø§ØªÙ†Ø§ ÙÙŠ ÙƒØ±Ù‡Ø¨ØªÙ†Ø§ ğŸ™ŒğŸ»  ğŸï¸ Essayeha w chouf l'expÃ©rience unique !,Low
Câ€™est toujours un rÃ©el plaisir dâ€™accueillir notre prÃ©sentateur national Sadri Skander. Merci pour cet excellent travail.  ğŸ‡¹ğŸ‡³ Tawa barcha rÃ©ductions fi showroom !,Medium
"DÃ©couvrez l'intÃ©rieur raffinÃ© et haut de gamme de la Wallys Wolf. Vous serez surpris de tout ce qu'elle offre ğŸš€ Disponible dÃ¨s maintenant dans nos showroom Ã  Tunis, Sousse et Sfax. ğŸ† No. 1  D-SUV âš™ï¸ 1.5L Turbo - 9 CV ğŸ’³ 119.900 DT TTC â˜ï¸ 29 38 14 38  ğŸ”¥ Offre incroyable pour cette semaine !",Medium
La Wolf nous emmÃ¨ne Ã  travers la nature ğŸŒ³ et nous unit Ã  chaque kilomÃ¨tre parcouru ğŸ«¶ğŸ»  ğŸ‡¹ğŸ‡³ Tawa barcha rÃ©ductions fi showroom !,Low
"La Wolf arpente la nuit ğŸŒ™ sans limite, sans compromis ğŸº  ğŸ‡¹ğŸ‡³ Tawa barcha rÃ©ductions fi showroom !",Low
Designed to impress âœ¨ Built to perform Wallys Wolf : The complete SUV ğŸº  ğŸï¸ Essayeha w chouf l'expÃ©rience unique !,High
"Life is all about sharing ğŸ«¶ğŸ»  âœ¨ C'est pas juste une voiture, c'est un lifestyle.",Medium
"Another day, another happy client âœŒğŸ»  ğŸï¸ Essayeha w chouf l'expÃ©rience unique !",Medium
"Plus quâ€™un look, un vÃ©ritable titan de performance ğŸ¦¾ Wallys Wolf fonce sans limite! ğŸº  ğŸ™Œ T7eb tkoun spÃ©cial ? Hak l'occasion !",Low
DÃ©couvrez le raffinement de la Wallys Wolf dans notre showroom ğŸ  Une Ã©lÃ©gance qui attire tous les regards. ğŸŒŸ #Wallys_Wolf #Wallyscar  ğŸ‡¹ğŸ‡³ Tawa barcha rÃ©ductions fi showroom !,Low
Lâ€™indÃ©trÃ´nable leader du segment D des SUV en Tunisie ğŸ† #Wallyscar #Wallys_Wolf #Number_1  ğŸš— Kharrej rouhek b Wallys hedha weekend !,Medium
Annibal ad portas âŒ› Nos pick-up ğŸ›» reprennent le flambeau.  ğŸ™Œ T7eb tkoun spÃ©cial ? Hak l'occasion !,Low
Ø±Ù…Ø¶Ø§Ù†ÙƒÙ… Ù…Ø¨Ø±ÙˆÙƒ ğŸŒ™ ÙˆØ§Ù„Ù†Ø§Ø³ Ø±Ø§ÙŠ ÙÙŠ Ø®Ø¯Ù…ØªÙ‡Ø§ Ù„Ø§Ù‡ÙŠØ© ğŸ‡¹ğŸ‡³  ğŸ‡¹ğŸ‡³ Tawa barcha rÃ©ductions fi showroom !,Low
Ø§Ù„Ø­Ø±ÙƒØ© Ø¨Ø±ÙƒØ© ğŸŒ±  ğŸï¸ Essayeha w chouf l'expÃ©rience unique !,Medium
La Wolf nous emmÃ¨ne Ã  travers la nature ğŸŒ³ et nous unit Ã  chaque kilomÃ¨tre parcouru ğŸ«¶ğŸ»  ğŸ™Œ T7eb tkoun spÃ©cial ? Hak l'occasion !,Low
Lâ€™indÃ©trÃ´nable leader du segment D des SUV en Tunisie ğŸ† #Wallyscar #Wallys_Wolf #Number_1  ğŸ”¥ Offre incroyable pour cette semaine !,Low
Câ€™est toujours un rÃ©el plaisir dâ€™accueillir notre prÃ©sentateur national Sadri Skander. Merci pour cet excellent travail.  ğŸï¸ Essayeha w chouf l'expÃ©rience unique !,Low
Un loup ğŸº dans la citÃ© des lÃ©gendes  ğŸš— Kharrej rouhek b Wallys hedha weekend !,Medium
Lâ€™Ã¢me sauvage du Wolf se fond dans la beautÃ© dâ€™El Kef ğŸŒ„ğŸº  #Wallyscar #Wallys_Wolf  ğŸï¸ Essayeha w chouf l'expÃ©rience unique !,Low
"Who needs Horsepower when youâ€™ve got Elephant power ğŸ˜  ğŸŒ™ Ramadan m3ana, rÃ©ductions mta3 saha !",High
"Quand une tunisienne monte dans sa voiture ğŸ’…ğŸ»  ğŸŒ™ Ramadan m3ana, rÃ©ductions mta3 saha !",Medium
Who needs Horsepower when youâ€™ve got Elephant power ğŸ˜  ğŸï¸ Essayeha w chouf l'expÃ©rience unique !,High
"Simplement le numÃ©ro 1 D SUV ğŸ†  ğŸŒ™ Ramadan m3ana, rÃ©ductions mta3 saha !",Low
"Ø±Ø§ÙŠ ÙƒÙ„ÙŠÙˆÙ†Ø§ØªÙ†Ø§ ÙÙŠ ÙƒØ±Ù‡Ø¨ØªÙ†Ø§ ğŸ™ŒğŸ»  âœ¨ C'est pas juste une voiture, c'est un lifestyle.",Low
Unis dans lâ€™aventure ğŸŒ¿ libres comme le vent ğŸº  ğŸï¸ Essayeha w chouf l'expÃ©rience unique !,Medium
Câ€™est toujours un rÃ©el plaisir dâ€™accueillir notre prÃ©sentateur national Sadri Skander. Merci pour cet excellent travail.  ğŸ™Œ T7eb tkoun spÃ©cial ? Hak l'occasion !,Medium
Ø±Ø§ÙŠ ÙƒÙ„ÙŠÙˆÙ†Ø§ØªÙ†Ø§ ÙÙŠ ÙƒØ±Ù‡Ø¨ØªÙ†Ø§ ğŸ™ŒğŸ»  ğŸ”¥ Offre incroyable pour cette semaine !,Medium
"Ø±Ù…Ø¶Ø§Ù†ÙƒÙ… Ù…Ø¨Ø±ÙˆÙƒ ğŸŒ™ ÙˆØ§Ù„Ù†Ø§Ø³ Ø±Ø§ÙŠ ÙÙŠ Ø®Ø¯Ù…ØªÙ‡Ø§ Ù„Ø§Ù‡ÙŠØ© ğŸ‡¹ğŸ‡³  ğŸŒ™ Ramadan m3ana, rÃ©ductions mta3 saha !",Medium
Câ€™est toujours un rÃ©el plaisir dâ€™accueillir notre prÃ©sentateur national Sadri Skander. Merci pour cet excellent travail.  ğŸï¸ Essayeha w chouf l'expÃ©rience unique !,High
Lâ€™Ã¢me sauvage du Wolf se fond dans la beautÃ© dâ€™El Kef ğŸŒ„ğŸº  #Wallyscar #Wallys_Wolf  ğŸï¸ Essayeha w chouf l'expÃ©rience unique !,Medium
Love on four wheels ğŸš— ready to make hearts race ğŸ’˜  Wishing you a Valentineâ€™s full of love ğŸŒ¹  ğŸš— Kharrej rouhek b Wallys hedha weekend !,Medium
DÃ©couvrez le raffinement de la Wallys Wolf dans notre showroom ğŸ  Une Ã©lÃ©gance qui attire tous les regards. ğŸŒŸ #Wallys_Wolf #Wallyscar  ğŸ”¥ Offre incroyable pour cette semaine !,High
"L'Ã©lÃ©gance intemporelle se trouve dans chaque dÃ©tail ğŸ¤  ğŸŒ™ Ramadan m3ana, rÃ©ductions mta3 saha !",Low
"Plus quâ€™un look, un vÃ©ritable titan de performance ğŸ¦¾ Wallys Wolf fonce sans limite! ğŸº  ğŸ™Œ T7eb tkoun spÃ©cial ? Hak l'occasion !",Medium
Une Wolf ğŸº nous sÃ©pare !  FÃ©licitations Ã  nos confrÃ¨res de Chery Tunisie âœ¨  ğŸ™Œ T7eb tkoun spÃ©cial ? Hak l'occasion !,Low
"Puissance et nature en parfaite harmonie ğŸŒ¿ L'Annibal XXL ğŸ˜ Ã  lâ€™Ã©tat brut Ã  Tabarka  ğŸŒ™ Ramadan m3ana, rÃ©ductions mta3 saha !",Medium
"DÃ©couvrez la nouvelle Wallys Wolf ğŸº le SUV familial le plus complet de sa gamme Ã  119 900 DT.  âœ¨ C'est pas juste une voiture, c'est un lifestyle.",Low
Un design qui impose âœ¨ une prÃ©sence qui captive ğŸ’«  ğŸš— Kharrej rouhek b Wallys hedha weekend !,Medium
"La Wolf nous emmÃ¨ne Ã  travers la nature ğŸŒ³ et nous unit Ã  chaque kilomÃ¨tre parcouru ğŸ«¶ğŸ»  âœ¨ C'est pas juste une voiture, c'est un lifestyle.",Low
"ÙƒÙ„ Ø¹Ø§Ù… ÙˆØ§Ù„Ù†Ø³Ø§Ø¡ Ø§Ù„ÙƒÙ„ Ø¨Ø£Ù„Ù Ø¨Ø®ÙŠØ± â¤ï¸  âœ¨ C'est pas juste une voiture, c'est un lifestyle.",Medium
Unis dans lâ€™aventure ğŸŒ¿ libres comme le vent ğŸº  ğŸš— Kharrej rouhek b Wallys hedha weekend !,High
"Ø±Ø§ÙŠ ÙƒÙ„ÙŠÙˆÙ†Ø§ØªÙ†Ø§ ÙÙŠ ÙƒØ±Ù‡Ø¨ØªÙ†Ø§ ğŸ™ŒğŸ»  âœ¨ C'est pas juste une voiture, c'est un lifestyle.",Low
Simplement le numÃ©ro 1 D SUV ğŸ†  ğŸï¸ Essayeha w chouf l'expÃ©rience unique !,Low
You've got to decide whether you're a Wolf ğŸº or a sheep.  ğŸ™Œ T7eb tkoun spÃ©cial ? Hak l'occasion !,Low
"Plus quâ€™un look, un vÃ©ritable titan de performance ğŸ¦¾ Wallys Wolf fonce sans limite! ğŸº  ğŸ‡¹ğŸ‡³ Tawa barcha rÃ©ductions fi showroom !",Medium
"Nous revenons sur le passage de Sadri Skander sur la Wallys Wolf. Disponible dans nos showrooms Ã  Tunis, Sousse et Sfax, venez dÃ©couvrir le SUV leader de son segment en Tunisie.  âœ¨ C'est pas juste une voiture, c'est un lifestyle.",Medium
"La Wolf arpente la nuit ğŸŒ™ sans limite, sans compromis ğŸº  ğŸ‡¹ğŸ‡³ Tawa barcha rÃ©ductions fi showroom !",Low
"Cette annÃ©e, suivez les lumiÃ¨res du ciel ğŸ† et celles de votre cÅ“ur ğŸ’« Wallyscar vous souhaite 2025 rempli dâ€™horizons illuminÃ©s ğŸŒŸ  âœ¨ C'est pas juste une voiture, c'est un lifestyle.",High
Avec la Wolf ğŸº prenez la route en toute confiance et puissance ğŸ’¨  ğŸš— Kharrej rouhek b Wallys hedha weekend !,Low
"Simplement le numÃ©ro 1 D SUV ğŸ†  âœ¨ C'est pas juste une voiture, c'est un lifestyle.",Low
"Cette annÃ©e, suivez les lumiÃ¨res du ciel ğŸ† et celles de votre cÅ“ur ğŸ’« Wallyscar vous souhaite 2025 rempli dâ€™horizons illuminÃ©s ğŸŒŸ  ğŸ™Œ T7eb tkoun spÃ©cial ? Hak l'occasion !",Medium
La joie dâ€™Ãªtre ensemble ğŸ«¶ğŸ» en route pour de belles escapades avec Wallys Wolf ğŸº  ğŸ™Œ T7eb tkoun spÃ©cial ? Hak l'occasion !,High
Un design qui impose âœ¨ une prÃ©sence qui captive ğŸ’«  ğŸ‡¹ğŸ‡³ Tawa barcha rÃ©ductions fi showroom !,Low
ÙƒÙ„ Ø¹Ø§Ù… ÙˆØ§Ù„Ù†Ø³Ø§Ø¡ Ø§Ù„ÙƒÙ„ Ø¨Ø£Ù„Ù Ø¨Ø®ÙŠØ± â¤ï¸  ğŸ”¥ Offre incroyable pour cette semaine !,Medium
"Cette annÃ©e, suivez les lumiÃ¨res du ciel ğŸ† et celles de votre cÅ“ur ğŸ’« Wallyscar vous souhaite 2025 rempli dâ€™horizons illuminÃ©s ğŸŒŸ  ğŸŒ™ Ramadan m3ana, rÃ©ductions mta3 saha !",High
L'Annibal XXL ğŸ˜ surmonte chaque dÃ©fi en toute libertÃ© ğŸª½  ğŸ”¥ Offre incroyable pour cette semaine !,Low
DÃ©couvrez la nouvelle Wallys Wolf ğŸº le SUV familial le plus complet de sa gamme Ã  119 900 DT.  ğŸ™Œ T7eb tkoun spÃ©cial ? Hak l'occasion !,High
Parceque les meilleurs souvenirs se partagent en famille âœ¨ï¸ Wallys Wolf ğŸº votre compagnon idÃ©al pour en crÃ©er Ã  chaque instant !  ğŸš— Kharrej rouhek b Wallys hedha weekend !,Medium
Ù†ÙØ±Ø­Ùˆ ÙƒÙŠ Ù†Ù‚Ø¯Ù…Ùˆ Ùˆ Ù†Ø­Ø³Ù†Ùˆ ğŸ¦¾ Ø£Ù…Ø§ Ø£ÙƒØ¨Ø± ÙØ±Ø­Ø© Ù„ÙŠÙ†Ø§ Ù‡ÙŠØ§ ÙØ±Ø­Ø© Ø­Ø±ÙØ§Ø¦Ù†Ø§ ğŸ«¶ğŸ»  ğŸ‡¹ğŸ‡³ Tawa barcha rÃ©ductions fi showroom !,Low
Une Wolf ğŸº nous sÃ©pare !  FÃ©licitations Ã  nos confrÃ¨res de Chery Tunisie âœ¨  ğŸï¸ Essayeha w chouf l'expÃ©rience unique !,Medium
"Explorez la Medina Sfax Ã  votre rythme avec Wallys Wolf : le parfait Ã©quilibre entre style et confort ! ğŸï¸ğŸ¤  #Wallyscar #Sfax  âœ¨ C'est pas juste une voiture, c'est un lifestyle.",High
"Annibal ad portas âŒ› Nos pick-up ğŸ›» reprennent le flambeau.  ğŸŒ™ Ramadan m3ana, rÃ©ductions mta3 saha !",Low
"Nous revenons sur le passage de Sadri Skander sur la Wallys Wolf. Disponible dans nos showrooms Ã  Tunis, Sousse et Sfax, venez dÃ©couvrir le SUV leader de son segment en Tunisie.  ğŸŒ™ Ramadan m3ana, rÃ©ductions mta3 saha !",Low
"DÃ©couvrez l'intÃ©rieur raffinÃ© et haut de gamme de la Wallys Wolf. Vous serez surpris de tout ce qu'elle offre ğŸš€ Disponible dÃ¨s maintenant dans nos showroom Ã  Tunis, Sousse et Sfax. ğŸ† No. 1  D-SUV âš™ï¸ 1.5L Turbo - 9 CV ğŸ’³ 119.900 DT TTC â˜ï¸ 29 38 14 38  ğŸŒ™ Ramadan m3ana, rÃ©ductions mta3 saha !",Low
ÙƒÙ„ Ø¹Ø§Ù… ÙˆØ§Ù„Ù†Ø³Ø§Ø¡ Ø§Ù„ÙƒÙ„ Ø¨Ø£Ù„Ù Ø¨Ø®ÙŠØ± â¤ï¸  ğŸš— Kharrej rouhek b Wallys hedha weekend !,High
"DÃ©couvrez lâ€™Annibal XXL ğŸ˜ le nouveau gÃ©ant des routes tunisiennes ğŸ‡¹ğŸ‡³ Taille impressionnante, robustesse lÃ©gendaire, travaillÃ© en joint venture avec ZX Auto ğŸ›» Ce 4x4 impose sa puissance sur tous les terrains ğŸš€  ğŸŒ™ Ramadan m3ana, rÃ©ductions mta3 saha !",Low
"Another day, another happy client âœŒğŸ»  ğŸ™Œ T7eb tkoun spÃ©cial ? Hak l'occasion !",Medium
Explore More with Annibal XXL & Wolf ğŸŒ¿  ğŸï¸ Essayeha w chouf l'expÃ©rience unique !,Medium
Un loup ğŸº dans la citÃ© des lÃ©gendes  ğŸ™Œ T7eb tkoun spÃ©cial ? Hak l'occasion !,Low
"Designed to impress âœ¨ Built to perform Wallys Wolf : The complete SUV ğŸº  ğŸŒ™ Ramadan m3ana, rÃ©ductions mta3 saha !",Low
"Ø±Ø§ÙŠ ÙƒÙ„ÙŠÙˆÙ†Ø§ØªÙ†Ø§ ÙÙŠ ÙƒØ±Ù‡Ø¨ØªÙ†Ø§ ğŸ™ŒğŸ»  ğŸŒ™ Ramadan m3ana, rÃ©ductions mta3 saha !",Low
ÙƒÙ„ Ø¹Ø§Ù… ÙˆØ§Ù„Ù†Ø³Ø§Ø¡ Ø§Ù„ÙƒÙ„ Ø¨Ø£Ù„Ù Ø¨Ø®ÙŠØ± â¤ï¸  ğŸ‡¹ğŸ‡³ Tawa barcha rÃ©ductions fi showroom !,Medium
Unis dans lâ€™aventure ğŸŒ¿ libres comme le vent ğŸº  ğŸ‡¹ğŸ‡³ Tawa barcha rÃ©ductions fi showroom !,Medium
Love on four wheels ğŸš— ready to make hearts race ğŸ’˜  Wishing you a Valentineâ€™s full of love ğŸŒ¹  ğŸ™Œ T7eb tkoun spÃ©cial ? Hak l'occasion !,Low
Quand la puissance rencontre la nature ğŸŒ«ï¸  l'esprit sauvage prend forme ğŸº  ğŸï¸ Essayeha w chouf l'expÃ©rience unique !,Medium
DÃ©couvrez le raffinement de la Wallys Wolf dans notre showroom ğŸ  Une Ã©lÃ©gance qui attire tous les regards. ğŸŒŸ #Wallys_Wolf #Wallyscar  ğŸ™Œ T7eb tkoun spÃ©cial ? Hak l'occasion !,Medium
"DÃ©couvrez lâ€™Annibal XXL ğŸ˜ le nouveau gÃ©ant des routes tunisiennes ğŸ‡¹ğŸ‡³ Taille impressionnante, robustesse lÃ©gendaire, travaillÃ© en joint venture avec ZX Auto ğŸ›» Ce 4x4 impose sa puissance sur tous les terrains ğŸš€  âœ¨ C'est pas juste une voiture, c'est un lifestyle.",Medium
"L'Annibal XXL ğŸ˜ surmonte chaque dÃ©fi en toute libertÃ© ğŸª½  âœ¨ C'est pas juste une voiture, c'est un lifestyle.",Medium
Ø±Ù…Ø¶Ø§Ù†ÙƒÙ… Ù…Ø¨Ø±ÙˆÙƒ ğŸŒ™ ÙˆØ§Ù„Ù†Ø§Ø³ Ø±Ø§ÙŠ ÙÙŠ Ø®Ø¯Ù…ØªÙ‡Ø§ Ù„Ø§Ù‡ÙŠØ© ğŸ‡¹ğŸ‡³  ğŸï¸ Essayeha w chouf l'expÃ©rience unique !,Low
Ø±Ù…Ø¶Ø§Ù†ÙƒÙ… Ù…Ø¨Ø±ÙˆÙƒ ğŸŒ™ ÙˆØ§Ù„Ù†Ø§Ø³ Ø±Ø§ÙŠ ÙÙŠ Ø®Ø¯Ù…ØªÙ‡Ø§ Ù„Ø§Ù‡ÙŠØ© ğŸ‡¹ğŸ‡³  ğŸš— Kharrej rouhek b Wallys hedha weekend !,Medium
L'Annibal XXL ğŸ˜ surmonte chaque dÃ©fi en toute libertÃ© ğŸª½  ğŸš— Kharrej rouhek b Wallys hedha weekend !,High
"La WOLF, une fusion de lâ€™Ã©lÃ©gance ğŸ  ğŸï¸ Essayeha w chouf l'expÃ©rience unique !",Medium
"Cette annÃ©e, suivez les lumiÃ¨res du ciel ğŸ† et celles de votre cÅ“ur ğŸ’« Wallyscar vous souhaite 2025 rempli dâ€™horizons illuminÃ©s ğŸŒŸ  ğŸ™Œ T7eb tkoun spÃ©cial ? Hak l'occasion !",Medium
"You've got to decide whether you're a Wolf ğŸº or a sheep.  ğŸŒ™ Ramadan m3ana, rÃ©ductions mta3 saha !",Medium
Life is all about sharing ğŸ«¶ğŸ»  ğŸï¸ Essayeha w chouf l'expÃ©rience unique !,Low
"La WOLF, une fusion de lâ€™Ã©lÃ©gance ğŸ  ğŸŒ™ Ramadan m3ana, rÃ©ductions mta3 saha !",Medium
"Quand l'Ã©lÃ©gance rencontre l'histoire ğŸ˜  Wallys Wolf, le meilleur choix ğŸ‘ŒğŸ»  ğŸ”¥ Offre incroyable pour cette semaine !",Low
"La Wolf arpente la nuit ğŸŒ™ sans limite, sans compromis ğŸº  ğŸš— Kharrej rouhek b Wallys hedha weekend !",Low
L'Annibal XXL ğŸ˜ surmonte chaque dÃ©fi en toute libertÃ© ğŸª½  ğŸ”¥ Offre incroyable pour cette semaine !,High
"Plus quâ€™un look, un vÃ©ritable titan de performance ğŸ¦¾ Wallys Wolf fonce sans limite! ğŸº  ğŸ‡¹ğŸ‡³ Tawa barcha rÃ©ductions fi showroom !",High
"Le parfait Ã©quilibre entre robustesse et raffinement âœ¨ DÃ©couvrez lâ€™intÃ©rieur de l'Annibal XXL ğŸ˜  âœ¨ C'est pas juste une voiture, c'est un lifestyle.",Medium
"La Wolf arpente la nuit ğŸŒ™ sans limite, sans compromis ğŸº  ğŸš— Kharrej rouhek b Wallys hedha weekend !",Low
"La Wallys Wolf ğŸº conÃ§ue pour ceux qui ne veulent pas choisir entre confort et espace ğŸ’«  âœ¨ C'est pas juste une voiture, c'est un lifestyle.",Medium
"L'Ã©lÃ©gance intemporelle se trouve dans chaque dÃ©tail ğŸ¤  ğŸŒ™ Ramadan m3ana, rÃ©ductions mta3 saha !",High
"Designed to impress âœ¨ Built to perform Wallys Wolf : The complete SUV ğŸº  ğŸŒ™ Ramadan m3ana, rÃ©ductions mta3 saha !",Medium
"Amira vous dÃ©voile l'intÃ©rieur de la Wolf ğŸº Le meilleur SUV familial, 7 places âœ¨ï¸  ğŸ”¥ Offre incroyable pour cette semaine !",Low
Unis dans lâ€™aventure ğŸŒ¿ libres comme le vent ğŸº  ğŸ‡¹ğŸ‡³ Tawa barcha rÃ©ductions fi showroom !,Low
"La Wolf arpente la nuit ğŸŒ™ sans limite, sans compromis ğŸº  ğŸ”¥ Offre incroyable pour cette semaine !",Low
DÃ©couvrez la Wallys Wolf avec Amira ğŸ¬ Une sÃ©rie de vidÃ©os Ã  ne pas manquer !  ğŸš— Kharrej rouhek b Wallys hedha weekend !,Low
La Wallys Wolf ğŸº conÃ§ue pour ceux qui ne veulent pas choisir entre confort et espace ğŸ’«  ğŸ”¥ Offre incroyable pour cette semaine !,Low
"Ø±Ø§ÙŠ ÙƒÙ„ÙŠÙˆÙ†Ø§ØªÙ†Ø§ ÙÙŠ ÙƒØ±Ù‡Ø¨ØªÙ†Ø§ ğŸ™ŒğŸ»  ğŸŒ™ Ramadan m3ana, rÃ©ductions mta3 saha !",Medium
You've got to decide whether you're a Wolf ğŸº or a sheep.  ğŸ‡¹ğŸ‡³ Tawa barcha rÃ©ductions fi showroom !,Low
Quand une tunisienne monte dans sa voiture ğŸ’…ğŸ»  ğŸ”¥ Offre incroyable pour cette semaine !,Medium
"Another day, another happy client âœŒğŸ»  ğŸ‡¹ğŸ‡³ Tawa barcha rÃ©ductions fi showroom !",Low
Lâ€™indÃ©trÃ´nable leader du segment D des SUV en Tunisie ğŸ† #Wallyscar #Wallys_Wolf #Number_1  ğŸš— Kharrej rouhek b Wallys hedha weekend !,High
Au cÅ“ur de la Rue Charles De Gaulle Tunis ğŸ‡¹ğŸ‡³ Wolf ğŸº roule avec audace âœ¨ï¸  ğŸš— Kharrej rouhek b Wallys hedha weekend !,Low
"Explore More with Annibal XXL & Wolf ğŸŒ¿  âœ¨ C'est pas juste une voiture, c'est un lifestyle.",Low
"Quand l'Ã©lÃ©gance rencontre l'histoire ğŸ˜  Wallys Wolf, le meilleur choix ğŸ‘ŒğŸ»  ğŸ™Œ T7eb tkoun spÃ©cial ? Hak l'occasion !",Low
"Prenez le volant de lâ€™Annibal ğŸ›» un pick-up qui allie style,  robustesse et fiabilitÃ© ğŸŒŸ Parfait pour toutes vos aventures.  Venez lâ€™admirer et rÃ©servez le vÃ´tre dÃ¨s aujourdâ€™hui !  ğŸ‡¹ğŸ‡³ Tawa barcha rÃ©ductions fi showroom !",Low
"Explorez la Medina Sfax Ã  votre rythme avec Wallys Wolf : le parfait Ã©quilibre entre style et confort ! ğŸï¸ğŸ¤  #Wallyscar #Sfax  âœ¨ C'est pas juste une voiture, c'est un lifestyle.",Medium
Puissance et nature en parfaite harmonie ğŸŒ¿ L'Annibal XXL ğŸ˜ Ã  lâ€™Ã©tat brut Ã  Tabarka  ğŸï¸ Essayeha w chouf l'expÃ©rience unique !,Low
ÙƒÙ„ Ø¹Ø§Ù… ÙˆØ§Ù„Ù†Ø³Ø§Ø¡ Ø§Ù„ÙƒÙ„ Ø¨Ø£Ù„Ù Ø¨Ø®ÙŠØ± â¤ï¸  ğŸš— Kharrej rouhek b Wallys hedha weekend !,Low
L'Annibal XXL ğŸ˜ surmonte chaque dÃ©fi en toute libertÃ© ğŸª½  ğŸ‡¹ğŸ‡³ Tawa barcha rÃ©ductions fi showroom !,Medium
"L'Ã©lÃ©gance intemporelle se trouve dans chaque dÃ©tail ğŸ¤  ğŸŒ™ Ramadan m3ana, rÃ©ductions mta3 saha !",High
You've got to decide whether you're a Wolf ğŸº or a sheep.  ğŸš— Kharrej rouhek b Wallys hedha weekend !,Low
Ø±Ù…Ø¶Ø§Ù†ÙƒÙ… Ù…Ø¨Ø±ÙˆÙƒ ğŸŒ™ ÙˆØ§Ù„Ù†Ø§Ø³ Ø±Ø§ÙŠ ÙÙŠ Ø®Ø¯Ù…ØªÙ‡Ø§ Ù„Ø§Ù‡ÙŠØ© ğŸ‡¹ğŸ‡³  ğŸ‡¹ğŸ‡³ Tawa barcha rÃ©ductions fi showroom !,High
Un grand merci Ã  nos Ã©quipes et Ã  M. Sadri Skander et M. HÃ©di Hamdi pour une soirÃ©e mÃ©morable ğŸŒŸ Wallyscar remporte meilleure marque sur les rÃ©seaux sociaux aux Victoires de lâ€™Automobile âœ¨  ğŸš— Kharrej rouhek b Wallys hedha weekend !,High
Ø§Ù„Ø­Ø±ÙƒØ© Ø¨Ø±ÙƒØ© ğŸŒ±  ğŸš— Kharrej rouhek b Wallys hedha weekend !,Low
La Wallys Wolf ğŸ¤ votre rÃ©ponse Ã  la paix dans l'orage â›ˆï¸  ğŸï¸ Essayeha w chouf l'expÃ©rience unique !,Medium
"Amira vous dÃ©voile l'intÃ©rieur de la Wolf ğŸº Le meilleur SUV familial, 7 places âœ¨ï¸  ğŸš— Kharrej rouhek b Wallys hedha weekend !",Medium
"Quand l'Ã©lÃ©gance rencontre l'histoire ğŸ˜  Wallys Wolf, le meilleur choix ğŸ‘ŒğŸ»  ğŸ‡¹ğŸ‡³ Tawa barcha rÃ©ductions fi showroom !",Medium
Lâ€™Ã¢me sauvage du Wolf se fond dans la beautÃ© dâ€™El Kef ğŸŒ„ğŸº  #Wallyscar #Wallys_Wolf  ğŸ‡¹ğŸ‡³ Tawa barcha rÃ©ductions fi showroom !,Low
"L'Annibal XXL ğŸ˜ surmonte chaque dÃ©fi en toute libertÃ© ğŸª½  âœ¨ C'est pas juste une voiture, c'est un lifestyle.",Low
L'Annibal XXL ğŸ˜ surmonte chaque dÃ©fi en toute libertÃ© ğŸª½  ğŸ™Œ T7eb tkoun spÃ©cial ? Hak l'occasion !,Low
"Avec la Wolf ğŸº prenez la route en toute confiance et puissance ğŸ’¨  ğŸŒ™ Ramadan m3ana, rÃ©ductions mta3 saha !",Medium
"Quand l'Ã©lÃ©gance rencontre l'histoire ğŸ˜  Wallys Wolf, le meilleur choix ğŸ‘ŒğŸ»  ğŸ”¥ Offre incroyable pour cette semaine !",Medium
La Wolf nous emmÃ¨ne Ã  travers la nature ğŸŒ³ et nous unit Ã  chaque kilomÃ¨tre parcouru ğŸ«¶ğŸ»  ğŸ™Œ T7eb tkoun spÃ©cial ? Hak l'occasion !,High
Explore More with Annibal XXL & Wolf ğŸŒ¿  ğŸ‡¹ğŸ‡³ Tawa barcha rÃ©ductions fi showroom !,Low
"Une Wolf ğŸº nous sÃ©pare !  FÃ©licitations Ã  nos confrÃ¨res de Chery Tunisie âœ¨  âœ¨ C'est pas juste une voiture, c'est un lifestyle.",Medium
Explorez la Medina Sfax Ã  votre rythme avec Wallys Wolf : le parfait Ã©quilibre entre style et confort ! ğŸï¸ğŸ¤  #Wallyscar #Sfax  ğŸš— Kharrej rouhek b Wallys hedha weekend !,Medium
"You've got to decide whether you're a Wolf ğŸº or a sheep.  âœ¨ C'est pas juste une voiture, c'est un lifestyle.",High
Parceque les meilleurs souvenirs se partagent en famille âœ¨ï¸ Wallys Wolf ğŸº votre compagnon idÃ©al pour en crÃ©er Ã  chaque instant !  ğŸ”¥ Offre incroyable pour cette semaine !,Medium
"DÃ©couvrez lâ€™Annibal XXL ğŸ˜ le nouveau gÃ©ant des routes tunisiennes ğŸ‡¹ğŸ‡³ Taille impressionnante, robustesse lÃ©gendaire, travaillÃ© en joint venture avec ZX Auto ğŸ›» Ce 4x4 impose sa puissance sur tous les terrains ğŸš€  ğŸŒ™ Ramadan m3ana, rÃ©ductions mta3 saha !",Low
"Nous revenons sur le passage de Sadri Skander sur la Wallys Wolf. Disponible dans nos showrooms Ã  Tunis, Sousse et Sfax, venez dÃ©couvrir le SUV leader de son segment en Tunisie.  ğŸ”¥ Offre incroyable pour cette semaine !",Medium
Love on four wheels ğŸš— ready to make hearts race ğŸ’˜  Wishing you a Valentineâ€™s full of love ğŸŒ¹  ğŸï¸ Essayeha w chouf l'expÃ©rience unique !,Low
"Parceque les meilleurs souvenirs se partagent en famille âœ¨ï¸ Wallys Wolf ğŸº votre compagnon idÃ©al pour en crÃ©er Ã  chaque instant !  ğŸŒ™ Ramadan m3ana, rÃ©ductions mta3 saha !",Low
"Une Wolf ğŸº nous sÃ©pare !  FÃ©licitations Ã  nos confrÃ¨res de Chery Tunisie âœ¨  âœ¨ C'est pas juste une voiture, c'est un lifestyle.",Medium
"Nous revenons sur le passage de Sadri Skander sur la Wallys Wolf. Disponible dans nos showrooms Ã  Tunis, Sousse et Sfax, venez dÃ©couvrir le SUV leader de son segment en Tunisie.  ğŸŒ™ Ramadan m3ana, rÃ©ductions mta3 saha !",High
"La Wolf arpente la nuit ğŸŒ™ sans limite, sans compromis ğŸº  ğŸš— Kharrej rouhek b Wallys hedha weekend !",Low
"DÃ©couvrez l'intÃ©rieur raffinÃ© et haut de gamme de la Wallys Wolf. Vous serez surpris de tout ce qu'elle offre ğŸš€ Disponible dÃ¨s maintenant dans nos showroom Ã  Tunis, Sousse et Sfax. ğŸ† No. 1  D-SUV âš™ï¸ 1.5L Turbo - 9 CV ğŸ’³ 119.900 DT TTC â˜ï¸ 29 38 14 38  ğŸŒ™ Ramadan m3ana, rÃ©ductions mta3 saha !",Medium
Un loup ğŸº dans la citÃ© des lÃ©gendes  ğŸ‡¹ğŸ‡³ Tawa barcha rÃ©ductions fi showroom !,Medium
Explorez la Medina Sfax Ã  votre rythme avec Wallys Wolf : le parfait Ã©quilibre entre style et confort ! ğŸï¸ğŸ¤  #Wallyscar #Sfax  ğŸ™Œ T7eb tkoun spÃ©cial ? Hak l'occasion !,Low
Ù†ÙØ±Ø­Ùˆ ÙƒÙŠ Ù†Ù‚Ø¯Ù…Ùˆ Ùˆ Ù†Ø­Ø³Ù†Ùˆ ğŸ¦¾ Ø£Ù…Ø§ Ø£ÙƒØ¨Ø± ÙØ±Ø­Ø© Ù„ÙŠÙ†Ø§ Ù‡ÙŠØ§ ÙØ±Ø­Ø© Ø­Ø±ÙØ§Ø¦Ù†Ø§ ğŸ«¶ğŸ»  ğŸ™Œ T7eb tkoun spÃ©cial ? Hak l'occasion !,Low
Ù†ÙØ±Ø­Ùˆ ÙƒÙŠ Ù†Ù‚Ø¯Ù…Ùˆ Ùˆ Ù†Ø­Ø³Ù†Ùˆ ğŸ¦¾ Ø£Ù…Ø§ Ø£ÙƒØ¨Ø± ÙØ±Ø­Ø© Ù„ÙŠÙ†Ø§ Ù‡ÙŠØ§ ÙØ±Ø­Ø© Ø­Ø±ÙØ§Ø¦Ù†Ø§ ğŸ«¶ğŸ»  ğŸš— Kharrej rouhek b Wallys hedha weekend !,Low
Un loup ğŸº dans la citÃ© des lÃ©gendes  ğŸ‡¹ğŸ‡³ Tawa barcha rÃ©ductions fi showroom !,Medium
"La Wolf nous emmÃ¨ne Ã  travers la nature ğŸŒ³ et nous unit Ã  chaque kilomÃ¨tre parcouru ğŸ«¶ğŸ»  âœ¨ C'est pas juste une voiture, c'est un lifestyle.",Low
Le parfait Ã©quilibre entre robustesse et raffinement âœ¨ DÃ©couvrez lâ€™intÃ©rieur de l'Annibal XXL ğŸ˜  ğŸš— Kharrej rouhek b Wallys hedha weekend !,High
"Au cÅ“ur de la Rue Charles De Gaulle Tunis ğŸ‡¹ğŸ‡³ Wolf ğŸº roule avec audace âœ¨ï¸  âœ¨ C'est pas juste une voiture, c'est un lifestyle.",Medium
Ø±Ù…Ø¶Ø§Ù†ÙƒÙ… Ù…Ø¨Ø±ÙˆÙƒ ğŸŒ™ ÙˆØ§Ù„Ù†Ø§Ø³ Ø±Ø§ÙŠ ÙÙŠ Ø®Ø¯Ù…ØªÙ‡Ø§ Ù„Ø§Ù‡ÙŠØ© ğŸ‡¹ğŸ‡³  ğŸï¸ Essayeha w chouf l'expÃ©rience unique !,High
Simplement le numÃ©ro 1 D SUV ğŸ†  ğŸ‡¹ğŸ‡³ Tawa barcha rÃ©ductions fi showroom !,High
"Who needs Horsepower when youâ€™ve got Elephant power ğŸ˜  ğŸŒ™ Ramadan m3ana, rÃ©ductions mta3 saha !",Medium
La Wallys Wolf ğŸº conÃ§ue pour ceux qui ne veulent pas choisir entre confort et espace ğŸ’«  ğŸ‡¹ğŸ‡³ Tawa barcha rÃ©ductions fi showroom !,Low
Une Wolf ğŸº nous sÃ©pare !  FÃ©licitations Ã  nos confrÃ¨res de Chery Tunisie âœ¨  ğŸš— Kharrej rouhek b Wallys hedha weekend !,Low
"La WOLF, une fusion de lâ€™Ã©lÃ©gance ğŸ  ğŸ‡¹ğŸ‡³ Tawa barcha rÃ©ductions fi showroom !",Low
Ù†ÙØ±Ø­Ùˆ ÙƒÙŠ Ù†Ù‚Ø¯Ù…Ùˆ Ùˆ Ù†Ø­Ø³Ù†Ùˆ ğŸ¦¾ Ø£Ù…Ø§ Ø£ÙƒØ¨Ø± ÙØ±Ø­Ø© Ù„ÙŠÙ†Ø§ Ù‡ÙŠØ§ ÙØ±Ø­Ø© Ø­Ø±ÙØ§Ø¦Ù†Ø§ ğŸ«¶ğŸ»  ğŸ™Œ T7eb tkoun spÃ©cial ? Hak l'occasion !,High
"Amira vous dÃ©voile l'intÃ©rieur de la Wolf ğŸº Le meilleur SUV familial, 7 places âœ¨ï¸  âœ¨ C'est pas juste une voiture, c'est un lifestyle.",Low
Love on four wheels ğŸš— ready to make hearts race ğŸ’˜  Wishing you a Valentineâ€™s full of love ğŸŒ¹  ğŸ™Œ T7eb tkoun spÃ©cial ? Hak l'occasion !,Low
Ø±Ø§ÙŠ ÙƒÙ„ÙŠÙˆÙ†Ø§ØªÙ†Ø§ ÙÙŠ ÙƒØ±Ù‡Ø¨ØªÙ†Ø§ ğŸ™ŒğŸ»  ğŸ‡¹ğŸ‡³ Tawa barcha rÃ©ductions fi showroom !,High
"Puissance et nature en parfaite harmonie ğŸŒ¿ L'Annibal XXL ğŸ˜ Ã  lâ€™Ã©tat brut Ã  Tabarka  âœ¨ C'est pas juste une voiture, c'est un lifestyle.",Low
Simplement le numÃ©ro 1 D SUV ğŸ†  ğŸš— Kharrej rouhek b Wallys hedha weekend !,Low
Ø±Ø§ÙŠ ÙƒÙ„ÙŠÙˆÙ†Ø§ØªÙ†Ø§ ÙÙŠ ÙƒØ±Ù‡Ø¨ØªÙ†Ø§ ğŸ™ŒğŸ»  ğŸ™Œ T7eb tkoun spÃ©cial ? Hak l'occasion !,Medium
"DÃ©couvrez la Wallys Wolf avec Amira ğŸ¬ Une sÃ©rie de vidÃ©os Ã  ne pas manquer !  âœ¨ C'est pas juste une voiture, c'est un lifestyle.",Low
ÙƒÙ„ Ø¹Ø§Ù… ÙˆØ§Ù„Ù†Ø³Ø§Ø¡ Ø§Ù„ÙƒÙ„ Ø¨Ø£Ù„Ù Ø¨Ø®ÙŠØ± â¤ï¸  ğŸï¸ Essayeha w chouf l'expÃ©rience unique !,Medium
"Another day, another happy client âœŒğŸ»  ğŸ™Œ T7eb tkoun spÃ©cial ? Hak l'occasion !",Low
Life is all about sharing ğŸ«¶ğŸ»  ğŸš— Kharrej rouhek b Wallys hedha weekend !,Medium
Au cÅ“ur de la Rue Charles De Gaulle Tunis ğŸ‡¹ğŸ‡³ Wolf ğŸº roule avec audace âœ¨ï¸  ğŸï¸ Essayeha w chouf l'expÃ©rience unique !,Medium
La joie dâ€™Ãªtre ensemble ğŸ«¶ğŸ» en route pour de belles escapades avec Wallys Wolf ğŸº  ğŸ‡¹ğŸ‡³ Tawa barcha rÃ©ductions fi showroom !,Low
"Un grand merci Ã  nos Ã©quipes et Ã  M. Sadri Skander et M. HÃ©di Hamdi pour une soirÃ©e mÃ©morable ğŸŒŸ Wallyscar remporte meilleure marque sur les rÃ©seaux sociaux aux Victoires de lâ€™Automobile âœ¨  âœ¨ C'est pas juste une voiture, c'est un lifestyle.",Low
La Wallys Wolf ğŸ¤ votre rÃ©ponse Ã  la paix dans l'orage â›ˆï¸  ğŸï¸ Essayeha w chouf l'expÃ©rience unique !,Low
La joie dâ€™Ãªtre ensemble ğŸ«¶ğŸ» en route pour de belles escapades avec Wallys Wolf ğŸº  ğŸ™Œ T7eb tkoun spÃ©cial ? Hak l'occasion !,Medium
"La WOLF, une fusion de lâ€™Ã©lÃ©gance ğŸ  âœ¨ C'est pas juste une voiture, c'est un lifestyle.",Medium
"Au cÅ“ur de la Rue Charles De Gaulle Tunis ğŸ‡¹ğŸ‡³ Wolf ğŸº roule avec audace âœ¨ï¸  âœ¨ C'est pas juste une voiture, c'est un lifestyle.",Low
"DÃ©couvrez le raffinement de la Wallys Wolf dans notre showroom ğŸ  Une Ã©lÃ©gance qui attire tous les regards. ğŸŒŸ #Wallys_Wolf #Wallyscar  ğŸŒ™ Ramadan m3ana, rÃ©ductions mta3 saha !",High
"Designed to impress âœ¨ Built to perform Wallys Wolf : The complete SUV ğŸº  âœ¨ C'est pas juste une voiture, c'est un lifestyle.",High
Life is all about sharing ğŸ«¶ğŸ»  ğŸï¸ Essayeha w chouf l'expÃ©rience unique !,Low
Câ€™est toujours un rÃ©el plaisir dâ€™accueillir notre prÃ©sentateur national Sadri Skander. Merci pour cet excellent travail.  ğŸ‡¹ğŸ‡³ Tawa barcha rÃ©ductions fi showroom !,Low
"DÃ©couvrez le raffinement de la Wallys Wolf dans notre showroom ğŸ  Une Ã©lÃ©gance qui attire tous les regards. ğŸŒŸ #Wallys_Wolf #Wallyscar  ğŸŒ™ Ramadan m3ana, rÃ©ductions mta3 saha !",Low
"Lâ€™indÃ©trÃ´nable leader du segment D des SUV en Tunisie ğŸ† #Wallyscar #Wallys_Wolf #Number_1  âœ¨ C'est pas juste une voiture, c'est un lifestyle.",Medium
DÃ©couvrez la nouvelle Wallys Wolf ğŸº le SUV familial le plus complet de sa gamme Ã  119 900 DT.  ğŸ™Œ T7eb tkoun spÃ©cial ? Hak l'occasion !,Low
"You've got to decide whether you're a Wolf ğŸº or a sheep.  ğŸŒ™ Ramadan m3ana, rÃ©ductions mta3 saha !",Low
Un loup ğŸº dans la citÃ© des lÃ©gendes  ğŸï¸ Essayeha w chouf l'expÃ©rience unique !,Low
"La Wallys Wolf ğŸº conÃ§ue pour ceux qui ne veulent pas choisir entre confort et espace ğŸ’«  âœ¨ C'est pas juste une voiture, c'est un lifestyle.",Low
Annibal ad portas âŒ› Nos pick-up ğŸ›» reprennent le flambeau.  ğŸ™Œ T7eb tkoun spÃ©cial ? Hak l'occasion !,Low
Amira dÃ©voile les 5 fonctions pratiques de la clÃ© Wallys Wolf ğŸ”‘âœ¨  #Wallyscar #Wallys_Wolf #SUV #Smart_Key  ğŸï¸ Essayeha w chouf l'expÃ©rience unique !,Low
La Wolf nous emmÃ¨ne Ã  travers la nature ğŸŒ³ et nous unit Ã  chaque kilomÃ¨tre parcouru ğŸ«¶ğŸ»  ğŸï¸ Essayeha w chouf l'expÃ©rience unique !,Medium
Ø±Ø§ÙŠ ÙƒÙ„ÙŠÙˆÙ†Ø§ØªÙ†Ø§ ÙÙŠ ÙƒØ±Ù‡Ø¨ØªÙ†Ø§ ğŸ™ŒğŸ»  ğŸš— Kharrej rouhek b Wallys hedha weekend !,Medium
L'Annibal XXL ğŸ˜ surmonte chaque dÃ©fi en toute libertÃ© ğŸª½  ğŸ”¥ Offre incroyable pour cette semaine !,Medium
La Wallys Wolf ğŸ¤ votre rÃ©ponse Ã  la paix dans l'orage â›ˆï¸  ğŸ”¥ Offre incroyable pour cette semaine !,Medium
Câ€™est toujours un rÃ©el plaisir dâ€™accueillir notre prÃ©sentateur national Sadri Skander. Merci pour cet excellent travail.  ğŸ™Œ T7eb tkoun spÃ©cial ? Hak l'occasion !,High
"Love on four wheels ğŸš— ready to make hearts race ğŸ’˜  Wishing you a Valentineâ€™s full of love ğŸŒ¹  ğŸŒ™ Ramadan m3ana, rÃ©ductions mta3 saha !",High
"Designed to impress âœ¨ Built to perform Wallys Wolf : The complete SUV ğŸº  ğŸŒ™ Ramadan m3ana, rÃ©ductions mta3 saha !",Medium
Who needs Horsepower when youâ€™ve got Elephant power ğŸ˜  ğŸï¸ Essayeha w chouf l'expÃ©rience unique !,High
"La WOLF, une fusion de lâ€™Ã©lÃ©gance ğŸ  ğŸ‡¹ğŸ‡³ Tawa barcha rÃ©ductions fi showroom !",Low
"DÃ©couvrez l'intÃ©rieur raffinÃ© et haut de gamme de la Wallys Wolf. Vous serez surpris de tout ce qu'elle offre ğŸš€ Disponible dÃ¨s maintenant dans nos showroom Ã  Tunis, Sousse et Sfax. ğŸ† No. 1  D-SUV âš™ï¸ 1.5L Turbo - 9 CV ğŸ’³ 119.900 DT TTC â˜ï¸ 29 38 14 38  ğŸš— Kharrej rouhek b Wallys hedha weekend !",Low
Life is all about sharing ğŸ«¶ğŸ»  ğŸ‡¹ğŸ‡³ Tawa barcha rÃ©ductions fi showroom !,Low
L'Ã©lÃ©gance intemporelle se trouve dans chaque dÃ©tail ğŸ¤  ğŸï¸ Essayeha w chouf l'expÃ©rience unique !,High
Ø±Ø§ÙŠ ÙƒÙ„ÙŠÙˆÙ†Ø§ØªÙ†Ø§ ÙÙŠ ÙƒØ±Ù‡Ø¨ØªÙ†Ø§ ğŸ™ŒğŸ»  ğŸï¸ Essayeha w chouf l'expÃ©rience unique !,Low
Parceque les meilleurs souvenirs se partagent en famille âœ¨ï¸ Wallys Wolf ğŸº votre compagnon idÃ©al pour en crÃ©er Ã  chaque instant !  ğŸ”¥ Offre incroyable pour cette semaine !,Medium
Parceque les meilleurs souvenirs se partagent en famille âœ¨ï¸ Wallys Wolf ğŸº votre compagnon idÃ©al pour en crÃ©er Ã  chaque instant !  ğŸ™Œ T7eb tkoun spÃ©cial ? Hak l'occasion !,Medium
Explore More with Annibal XXL & Wolf ğŸŒ¿  ğŸš— Kharrej rouhek b Wallys hedha weekend !,High
"Quand la puissance rencontre la nature ğŸŒ«ï¸  l'esprit sauvage prend forme ğŸº  âœ¨ C'est pas juste une voiture, c'est un lifestyle.",Medium
Annibal ad portas âŒ› Nos pick-up ğŸ›» reprennent le flambeau.  ğŸš— Kharrej rouhek b Wallys hedha weekend !,Medium
"DÃ©couvrez le raffinement de la Wallys Wolf dans notre showroom ğŸ  Une Ã©lÃ©gance qui attire tous les regards. ğŸŒŸ #Wallys_Wolf #Wallyscar  ğŸŒ™ Ramadan m3ana, rÃ©ductions mta3 saha !",Low
Amira dÃ©voile les 5 fonctions pratiques de la clÃ© Wallys Wolf ğŸ”‘âœ¨  #Wallyscar #Wallys_Wolf #SUV #Smart_Key  ğŸ™Œ T7eb tkoun spÃ©cial ? Hak l'occasion !,Medium
La joie dâ€™Ãªtre ensemble ğŸ«¶ğŸ» en route pour de belles escapades avec Wallys Wolf ğŸº  ğŸï¸ Essayeha w chouf l'expÃ©rience unique !,Medium
Life is all about sharing ğŸ«¶ğŸ»  ğŸï¸ Essayeha w chouf l'expÃ©rience unique !,Medium
"Lâ€™indÃ©trÃ´nable leader du segment D des SUV en Tunisie ğŸ† #Wallyscar #Wallys_Wolf #Number_1  ğŸŒ™ Ramadan m3ana, rÃ©ductions mta3 saha !",Low
"L'Ã©lÃ©gance intemporelle se trouve dans chaque dÃ©tail ğŸ¤  âœ¨ C'est pas juste une voiture, c'est un lifestyle.",High
Lâ€™Ã¢me sauvage du Wolf se fond dans la beautÃ© dâ€™El Kef ğŸŒ„ğŸº  #Wallyscar #Wallys_Wolf  ğŸ‡¹ğŸ‡³ Tawa barcha rÃ©ductions fi showroom !,Medium
"La Wolf arpente la nuit ğŸŒ™ sans limite, sans compromis ğŸº  âœ¨ C'est pas juste une voiture, c'est un lifestyle.",Medium
Designed to impress âœ¨ Built to perform Wallys Wolf : The complete SUV ğŸº  ğŸï¸ Essayeha w chouf l'expÃ©rience unique !,Medium
"DÃ©couvrez la Wallys Wolf avec Amira ğŸ¬ Une sÃ©rie de vidÃ©os Ã  ne pas manquer !  âœ¨ C'est pas juste une voiture, c'est un lifestyle.",High
Amira dÃ©voile les 5 fonctions pratiques de la clÃ© Wallys Wolf ğŸ”‘âœ¨  #Wallyscar #Wallys_Wolf #SUV #Smart_Key  ğŸ™Œ T7eb tkoun spÃ©cial ? Hak l'occasion !,Medium
Unis dans lâ€™aventure ğŸŒ¿ libres comme le vent ğŸº  ğŸ‡¹ğŸ‡³ Tawa barcha rÃ©ductions fi showroom !,Medium
"Amira vous dÃ©voile l'intÃ©rieur de la Wolf ğŸº Le meilleur SUV familial, 7 places âœ¨ï¸  ğŸ™Œ T7eb tkoun spÃ©cial ? Hak l'occasion !",Low
"Ù†ÙØ±Ø­Ùˆ ÙƒÙŠ Ù†Ù‚Ø¯Ù…Ùˆ Ùˆ Ù†Ø­Ø³Ù†Ùˆ ğŸ¦¾ Ø£Ù…Ø§ Ø£ÙƒØ¨Ø± ÙØ±Ø­Ø© Ù„ÙŠÙ†Ø§ Ù‡ÙŠØ§ ÙØ±Ø­Ø© Ø­Ø±ÙØ§Ø¦Ù†Ø§ ğŸ«¶ğŸ»  ğŸŒ™ Ramadan m3ana, rÃ©ductions mta3 saha !",High
"La WOLF, une fusion de lâ€™Ã©lÃ©gance ğŸ  ğŸï¸ Essayeha w chouf l'expÃ©rience unique !",High
DÃ©couvrez la Wallys Wolf avec Amira ğŸ¬ Une sÃ©rie de vidÃ©os Ã  ne pas manquer !  ğŸ”¥ Offre incroyable pour cette semaine !,High
Explorez la Medina Sfax Ã  votre rythme avec Wallys Wolf : le parfait Ã©quilibre entre style et confort ! ğŸï¸ğŸ¤  #Wallyscar #Sfax  ğŸ™Œ T7eb tkoun spÃ©cial ? Hak l'occasion !,Low
"L'Annibal XXL ğŸ˜ surmonte chaque dÃ©fi en toute libertÃ© ğŸª½  ğŸŒ™ Ramadan m3ana, rÃ©ductions mta3 saha !",Medium
Explore More with Annibal XXL & Wolf ğŸŒ¿  ğŸï¸ Essayeha w chouf l'expÃ©rience unique !,Low
Au cÅ“ur de la Rue Charles De Gaulle Tunis ğŸ‡¹ğŸ‡³ Wolf ğŸº roule avec audace âœ¨ï¸  ğŸš— Kharrej rouhek b Wallys hedha weekend !,Low
"Unis dans lâ€™aventure ğŸŒ¿ libres comme le vent ğŸº  ğŸŒ™ Ramadan m3ana, rÃ©ductions mta3 saha !",Low
"Another day, another happy client âœŒğŸ»  ğŸ™Œ T7eb tkoun spÃ©cial ? Hak l'occasion !",Low
"Prenez le volant de lâ€™Annibal ğŸ›» un pick-up qui allie style,  robustesse et fiabilitÃ© ğŸŒŸ Parfait pour toutes vos aventures.  Venez lâ€™admirer et rÃ©servez le vÃ´tre dÃ¨s aujourdâ€™hui !  ğŸ™Œ T7eb tkoun spÃ©cial ? Hak l'occasion !",High
Simplement le numÃ©ro 1 D SUV ğŸ†  ğŸš— Kharrej rouhek b Wallys hedha weekend !,Medium
"L'Annibal XXL ğŸ˜ surmonte chaque dÃ©fi en toute libertÃ© ğŸª½  âœ¨ C'est pas juste une voiture, c'est un lifestyle.",Low
DÃ©couvrez la nouvelle Wallys Wolf ğŸº le SUV familial le plus complet de sa gamme Ã  119 900 DT.  ğŸš— Kharrej rouhek b Wallys hedha weekend !,Medium
Unis dans lâ€™aventure ğŸŒ¿ libres comme le vent ğŸº  ğŸ™Œ T7eb tkoun spÃ©cial ? Hak l'occasion !,Medium
Lâ€™Ã¢me sauvage du Wolf se fond dans la beautÃ© dâ€™El Kef ğŸŒ„ğŸº  #Wallyscar #Wallys_Wolf  ğŸ”¥ Offre incroyable pour cette semaine !,Low
"Amira vous dÃ©voile l'intÃ©rieur de la Wolf ğŸº Le meilleur SUV familial, 7 places âœ¨ï¸  ğŸš— Kharrej rouhek b Wallys hedha weekend !",Low
"Quand l'Ã©lÃ©gance rencontre l'histoire ğŸ˜  Wallys Wolf, le meilleur choix ğŸ‘ŒğŸ»  ğŸ™Œ T7eb tkoun spÃ©cial ? Hak l'occasion !",Low
DÃ©couvrez la Wallys Wolf avec Amira ğŸ¬ Une sÃ©rie de vidÃ©os Ã  ne pas manquer !  ğŸ”¥ Offre incroyable pour cette semaine !,Medium
"Explorez la Medina Sfax Ã  votre rythme avec Wallys Wolf : le parfait Ã©quilibre entre style et confort ! ğŸï¸ğŸ¤  #Wallyscar #Sfax  âœ¨ C'est pas juste une voiture, c'est un lifestyle.",Medium
"Ø±Ù…Ø¶Ø§Ù†ÙƒÙ… Ù…Ø¨Ø±ÙˆÙƒ ğŸŒ™ ÙˆØ§Ù„Ù†Ø§Ø³ Ø±Ø§ÙŠ ÙÙŠ Ø®Ø¯Ù…ØªÙ‡Ø§ Ù„Ø§Ù‡ÙŠØ© ğŸ‡¹ğŸ‡³  ğŸŒ™ Ramadan m3ana, rÃ©ductions mta3 saha !",Medium
Un grand merci Ã  nos Ã©quipes et Ã  M. Sadri Skander et M. HÃ©di Hamdi pour une soirÃ©e mÃ©morable ğŸŒŸ Wallyscar remporte meilleure marque sur les rÃ©seaux sociaux aux Victoires de lâ€™Automobile âœ¨  ğŸï¸ Essayeha w chouf l'expÃ©rience unique !,Medium
"You've got to decide whether you're a Wolf ğŸº or a sheep.  âœ¨ C'est pas juste une voiture, c'est un lifestyle.",Low
"Love on four wheels ğŸš— ready to make hearts race ğŸ’˜  Wishing you a Valentineâ€™s full of love ğŸŒ¹  ğŸŒ™ Ramadan m3ana, rÃ©ductions mta3 saha !",Low
